20 final 23.jpg,media/59a7b9_b19f83ce6dcd4dc1a5afc190cc87822a~mv2.jpg
20 final 22.jpg,media/59a7b9_beec16841f364078beac92714af991b4~mv2.jpg
20 final 21.jpg,media/59a7b9_6221034f6a3f41a088e9f089efdb495a~mv2.jpg
20 final 18.jpg,media/59a7b9_1b4b4dba26eb450392ff79f2871db2af~mv2.jpg
20 final 20.jpg,media/59a7b9_ad0abc686c5c475ab0d1039e4495b2f2~mv2.jpg
20 final 16.jpg,media/59a7b9_4a3b6b5fb5be45adb412d5eaba6ceec2~mv2.jpg
20 final 19.jpg,media/59a7b9_ae43d33f0a7442cc94b7e4e9ea20a266~mv2.jpg
20 final 17.jpg,media/59a7b9_8855ef92a3d3482e8d96b44a1850cb38~mv2.jpg
20 final 14.jpg,media/59a7b9_817a844b55fb45e58c12592dcda1849c~mv2.jpg
20 final 15.jpg,media/59a7b9_0e2817532a0044c1bc8d7958ed06366d~mv2.jpg
20 final 13.jpg,media/59a7b9_e8f2b24bb73348ac9eae7e618c6d0da7~mv2.jpg
20 final 12.jpg,media/59a7b9_07bcf397eb664646b485601212af9a56~mv2.jpg
20 final 11.jpg,media/59a7b9_a6eef11102da4154bea70e5eb3df3c89~mv2.jpg
20 final 9.jpg,media/59a7b9_2adce601076f4452a68606341cc84a3b~mv2.jpg
20 final 10.jpg,media/59a7b9_b0af75e1b7e14df688bf9fb701e3a921~mv2.jpg
20 final 8.jpg,media/59a7b9_3ea145817ef54d9a8321fd080eda5c36~mv2.jpg
20 final 7.jpg,media/59a7b9_8e56e064d7a1465ca8fcd1336dd1ee99~mv2.jpg
20 final 5.jpg,media/59a7b9_c23be093845c44b1b1ec48be22a9d19e~mv2.jpg
20 final 6.jpg,media/59a7b9_65e76ea1bdca46dfb27bfbb8464bfbc7~mv2.jpg
20 final 1.jpg,media/59a7b9_f2a6aa1a58e5419d8da97659aec8d255~mv2.jpg
20 final 4.jpg,media/59a7b9_7d910ab09690400babd472803dbe0525~mv2.jpg
20 final 3.jpg,media/59a7b9_07052ee0f70f48d9a956fb9553a50d80~mv2.jpg
20 final 2.jpg,media/59a7b9_a0a49fc60bfc4ea9a212a9231f7da942~mv2.jpg
