warm jacket. cool outfit.jpg,media/59a7b9_cac53e74486f4ec091f18d75f7e62370~mv2.jpg
wear the right color. gain the confidence.jpg,media/59a7b9_8e8d5a201d454fd28905699e1c8e3f45~mv2.jpg
act like a lady. think like a boss.jpg,media/59a7b9_98e8b02891e64a81bcfff6cfadee2371~mv2.jpg
color. pattern. line & shape.jpg,media/59a7b9_45dce19bdf274d5fb5fd543685ca4ae8~mv2.jpg
conservative. but.jpg,media/59a7b9_bd9120ab805c469eb72c0be29bc99825~mv2.jpg
hot weather. cool outfit.jpg,media/59a7b9_1f9be7d60c7a490e96b26fe02f8af575~mv2.jpg
hourglass. rectangle. triangle or inverted triangle.jpg,media/59a7b9_88e70761fcf946c593d7795c4099ac69~mv2.jpg
jan.20.2017.jpg,media/59a7b9_2114ea635703414aafd4cec03f266d6c~mv2.jpg
maxi skirt. soft and flows.jpg,media/59a7b9_3d177f257eb349faa244e181003e337c~mv2.jpg
red. white & black.jpg,media/59a7b9_f80782b680f1447596676e3391a3de23~mv2.jpg
colorful saturday.jpg,media/59a7b9_6fc50153ec524d6eab1b3a3be4ec0514~mv2.jpg
color of the year 2016.jpg,media/59a7b9_c1cbbdd46686450d852e358ee94462c2~mv2.jpg
cold.jpg,media/59a7b9_0bc6dda6f3c645f8915eca4642746cf6~mv2.jpg
cold monday.jpg,media/59a7b9_76db33931bc243999db6eb91056a1c42~mv2.jpg
cocktail after work.jpg,media/59a7b9_05cda0d0e0e94bb385144b365e6e4209~mv2.jpg
classy rachel.jpg,media/59a7b9_7c49e1dd813a43ef8e24fd60f51e0f62~mv2.jpg
classic twist.jpg,media/59a7b9_25928b9023154319ac3e9583a6c8c234~mv2.jpg
classic black & white.jpg,media/59a7b9_0b3c70a7e2674ddc8c81b9c52a9cdfc3~mv2.jpg
city chic.jpg,media/59a7b9_07252bb46d27492fbfd5aa21826ca8f2~mv2.jpg
chic wednesday.jpg,media/59a7b9_e5659264bfbb4671958de9b6135a67c9~mv2.jpg
chic tuesday.jpg,media/59a7b9_c1d0e0a124914c378cab5e1b363eb8ef~mv2.jpg
chic professional.jpg,media/59a7b9_fb0c9d4d31e646c0a74222a36bd357b8~mv2.jpg
chic friday.jpg,media/59a7b9_c3abdff200cb4354be8b573331c38657~mv2.jpg
chic executive.jpg,media/59a7b9_7078f3e594be4e9aad557254876332aa~mv2.jpg
chic ceo.jpg,media/59a7b9_c3d8fa0684ab4a01b39908bc324a1f8d~mv2.jpg
chic ceo 1.jpg,media/59a7b9_ea0fc767d41f4cf99adad82f01d89d48~mv2.jpg
chic & powerful .jpg,media/59a7b9_cbf51f0c58454ccf8fd3ed88592b5292~mv2.jpg
chic & comfort 2.jpg,media/59a7b9_f56bea00532a40b79fc19b0cbe930c27~mv2.jpg
chic & comfort 1.jpg,media/59a7b9_e7b0ec8569634db2a844b82f476511a9~mv2.jpg
cherlain.jpg,media/59a7b9_75dc2605f167447d8131bb21cf7df21d~mv2.jpg
cher's saturday.jpg,media/59a7b9_1b2c79f563bf410e96bfc49f68581313~mv2.jpg
check on checks.jpg,media/59a7b9_314ebb78a72e41f99fdea528ab75ff49~mv2.jpg
chael & dg.jpg,media/59a7b9_675a718e4a1c4358bf4cd87bce35091b~mv2.jpg
ceo style.jpg,media/59a7b9_67961edb067f45dabdc953df17625cf8~mv2.jpg
ceo style 1.jpg,media/59a7b9_4afdb60cbde4487f8c50ac547103fa72~mv2.jpg
ceo on duty.jpg,media/59a7b9_7a862be14ac74c149c0047b03ce8f5bb~mv2.jpg
ceo on duty 1.jpg,media/59a7b9_3c9060c3c70e4f5f86a1881f5e3e48cd~mv2.jpg
casual.jpg,media/59a7b9_ac10320d43184cdfba50b9f4010cf093~mv2.jpg
casual friday.jpg,media/59a7b9_2a24e9b94b6d41f690bc0048198af372~mv2.jpg
casual friday.jpg,media/59a7b9_0adf34efb415414390946625d61fc7d2~mv2.jpg
can you afford not look your best.jpg,media/59a7b9_140724da58fc4a5398bda83fbc16a71c~mv2.jpg
camille's new year eve.jpg,media/59a7b9_c18a92b63de44fd59d2dcf1989231c5b~mv2.jpg
camilla.jpg,media/59a7b9_c075808402ac44778e1826ee86f1e003~mv2.jpg
buying a trendy print .jpg,media/59a7b9_ef055c396dcf43e8a9544b7e9063a5c6~mv2.jpg
business.jpg,media/59a7b9_c17643f0fc334f928fdf9f735aa653e1~mv2.jpg
business weekend.jpg,media/59a7b9_8f4945c614a34ff7be42d5ca99bf0c23~mv2.jpg
business weekend 1.jpg,media/59a7b9_68c0fd18251e47128a7d6ae95b897a26~mv2.jpg
brighter tuesday.jpg,media/59a7b9_4a72804eff1a4ccfa709b01822c79b65~mv2.jpg
business casual.jpg,media/59a7b9_7262b96a7df9462ea9bca9c53c6ed67d~mv2.jpg
business casual 1.jpg,media/59a7b9_4f6675ac63ff49139bd65204f6e615b2~mv2.jpg
bundle up for the ball drop.jpg,media/59a7b9_7794c2eb73de45ceb205db80d57a468f~mv2.jpg
buiness casual 2.jpg,media/59a7b9_e33ac99d40484c91b39d27e29a8632b9~mv2.jpg
brunch by the water.jpg,media/59a7b9_519ecd01852342c3bb7a106673063ad5~mv2.jpg
brunch at four seasons.jpg,media/59a7b9_baa6c016b426456b87059ef230c30099~mv2.jpg
bright start.jpg,media/59a7b9_d364f05765f8475ead49294c54364f27~mv2.jpg
bright monday.jpg,media/59a7b9_a8d6a4b8a419425a9fe25ff6548985d4~mv2.jpg
bright day.jpg,media/59a7b9_3390a4b93f0246f48c0d95f7ddfaf20c~mv2.jpg
bright and beautiful.jpg,media/59a7b9_7480e891e9014ba3a889154df6aa59f4~mv2.jpg
breakfast meeting.jpg,media/59a7b9_dee74ebedda644e6b6d0890073dd1766~mv2.jpg
botanical garden.jpg,media/59a7b9_a9a3ae682ab74af1b3a5fa71cd3a9b89~mv2.jpg
bomber jacket.jpg,media/59a7b9_5efce6f1669143d8b607345d5baceea9~mv2.jpg
bold.jpg,media/59a7b9_51852d7fcfb248ddb9ffd078dab2490d~mv2.jpg
board meeting.jpg,media/59a7b9_40064325991845d49e176c130b06f3a7~mv2.jpg
board meeting 2.jpg,media/59a7b9_403d9e88fc22455187a41201c4c12854~mv2.jpg
blues.jpg,media/59a7b9_22476b02b36940d7b32318beb914abc1~mv2.jpg
blue & red purple.jpg,media/59a7b9_feacca9efe5343779e526f3fab5a0959~mv2.jpg
bloom when you are planted.jpg,media/59a7b9_54eea42d32514e0a8fb0c1c05fa19adf~mv2.jpg
black & white.jpg,media/59a7b9_ff00a5ae295a4e7ebd992c3cf3e75d9b~mv2.jpg
black & white thursday.jpg,media/59a7b9_f7a887fdc6d74ccbab8c4cfa0d335483~mv2.jpg
black & white 4.jpg,media/59a7b9_72f463352e874d03b3fd6669865cfc3f~mv2.jpg
black & white 3.jpg,media/59a7b9_4c0e66d48747435d8a4ae98ac279b43c~mv2.jpg
black & white 2.jpg,media/59a7b9_467a544cc9ad4dd893d4e88c9027ac2d~mv2.jpg
black & white 1.jpg,media/59a7b9_3672d24388754ae3b0105bc609d33d60~mv2.jpg
between seasons.jpg,media/59a7b9_afe75816f561489fb2f0c32f8200306b~mv2.jpg
belted shirt dress.jpg,media/59a7b9_a24bc5ecd40c43c9ae2d5e8080924d77~mv2.jpg
being true to yourself.jpg,media/59a7b9_3122f670ee0445c2ba47d5bef686b26c~mv2.jpg
before entering the workforce.jpg,media/59a7b9_d717e6eb64eb4ec5aedd2ae1da1cb02b~mv2.jpg
beauty lies in simplicity.jpg,media/59a7b9_0a117e373b4e4041b683c846dbc4c274~mv2.jpg
beach hours.jpg,media/59a7b9_6aa9eb9f521b476d841b71c98fb14699~mv2.jpg
be yourself.jpg,media/59a7b9_98f7c7ea1afe40b68e04ddee2982707f~mv2.jpg
be a free spirit.jpg,media/59a7b9_9d928f0d89f74062bd13672765952959~mv2.jpg
barbara's sunday.jpg,media/59a7b9_65294f3e8d1e42cebb20e61435367d6e~mv2.jpg
back to work 1.jpg,media/59a7b9_d7c6898141c74523bfd9fadcd3a895ef~mv2.jpg
back to the office.jpg,media/59a7b9_0abf22a9968c49eca302b36337b2660c~mv2.jpg
back to school shopping.jpg,media/59a7b9_b6649be891dc4e5a88b4106227ea6dc1~mv2.jpg
back to office.jpg,media/59a7b9_f0b92b8905ea429296b0f7ca5796110a~mv2.jpg
autumn layers.jpg,media/59a7b9_08dd98b532b346e797f0ba12cb2b02d8~mv2.jpg
autumn expression.jpg,media/59a7b9_ddb67b9c06e4478fb75222935f8400c3~mv2.jpg
autumn colors.jpg,media/59a7b9_89434ceb38c34742845da868bbe75b3c~mv2.jpg
authority.jpg,media/59a7b9_392d662cdc2f4ba69e67ca8d18a54fe7~mv2.jpg
as simple as black white.jpg,media/59a7b9_90e6c78bf22741b98ccaf321ded7a0ce~mv2.jpg
annie.jpg,media/59a7b9_c7ff30076a214fd389c08e20582addda~mv2.jpg
anne's tuesday.jpg,media/59a7b9_7dc7bcee3ed94e3788b96cc40c4fb378~mv2.jpg
anita's monday.jpg,media/59a7b9_d2b5076b58d54149aa715793fed305d4~mv2.jpg
angelica.jpg,media/59a7b9_febd16f317c545218cd818de22b2b599~mv2.jpg
angela h.jpg,media/59a7b9_63cae8bf1dc4413a8408c29d09cf05c4~mv2.jpg
an outfit for. rectangular body.jpg,media/59a7b9_1a099e137b414902bd346f9686b8edeb~mv2.jpg
an outfit for bottom heavy girls.jpg,media/59a7b9_fe426aac4cff4a55868792317b1af9aa~mv2.jpg
an outfit for a rectangular body.jpg,media/59a7b9_82303ffda17d4a6e95e3a4f555c68bd0~mv2.jpg
an afterwork party outfit idea.jpg,media/59a7b9_cf772f28592a4deaa3f0124ec41ea53e~mv2.jpg
amply's thursday.jpg,media/59a7b9_a4a36e9cb316431db791f6a8c87ee022~mv2.jpg
amanda's monday.jpg,media/59a7b9_34bb51dfe4f44bde8611ed8f500de27e~mv2.jpg
amanda's 25.jpg,media/59a7b9_1e7d7eae934e48b6a221257fe822230a~mv2.jpg
always in style.jpg,media/59a7b9_ee7f09f7fb7d4925b51410e1d3f4f604~mv2.jpg
all body shape but oval.jpg,media/59a7b9_fcd55e6b937949988f43f50b45b34038~mv2.jpg
alex.jpg,media/59a7b9_5c20e1e1770d480e99a282ae11714297~mv2.jpg
after work.jpg,media/59a7b9_d87407e537e74c24a0010864c2117017~mv2.jpg
after work event.jpg,media/59a7b9_1c51c65f82384e4ab6865c75db8763ae~mv2.jpg
after work 3.jpg,media/59a7b9_b495b63c45f548618d2808dc7f435343~mv2.jpg
after work 2.jpg,media/59a7b9_95a3b71a1e00408d8c2e2629b91703a7~mv2.jpg
after work 1.jpg,media/59a7b9_cbaaf97f2822469abe145ab0f46c2ebe~mv2.jpg
after july 4th.jpg,media/59a7b9_810fd78a46d34234b26604bd7bd2389f~mv2.jpg
after 5-00.jpg,media/59a7b9_5dbe0a11fe924a06b96c451833009785~mv2.jpg
add some color on your black.jpg,media/59a7b9_b99eb58352044d12bccad215efd099f9~mv2.jpg
accentuate.jpg,media/59a7b9_116ea550b4a54322a1c7d142b679b11e~mv2.jpg
a wrapped dress that never out of fashion.jpg,media/59a7b9_e3dd330ed3fe41e786c55ff81848d01b~mv2.jpg
a working sunday.jpg,media/59a7b9_7c0eef9589cc4a5aae4b010cf4324382~mv2.jpg
a woman's dress should be like a barbed wire fence.jpg,media/59a7b9_75347518d193425aaf8860be50c5db21~mv2.jpg
a well cut pants.jpg,media/59a7b9_a45e8ce0cfca4302926af87834dd8d52~mv2.jpg
a weekend trip.jpg,media/59a7b9_cba4952f21824632814a74af440991e0~mv2.jpg
a weekend outfit idea.jpg,media/59a7b9_d575b64e23b9465db9fb17f7fcea64de~mv2.jpg
a warm day in winter.jpg,media/59a7b9_c39e36ff8d0d49dba6a716f56a20a2c3~mv2.jpg
a villa club sunday.jpg,media/59a7b9_9ce71b0fc73d4ea989256948928bc679~mv2.jpg
a vest cost ensemble.jpg,media/59a7b9_d08c14c3da7d4ed693e604431b455056~mv2.jpg
a touch of trendy.jpg,media/59a7b9_b092b50504554524863afa27e14d60cd~mv2.jpg
a touch of the season.jpg,media/59a7b9_a9a62ec2e67c48c8b2b3a63ffc16f4a8~mv2.jpg
a touch of sweetness.jpg,media/59a7b9_21b0f87b2abf48e2ae3498f63f231de7~mv2.jpg
a sundresses for your summer outdoor parties.jpg,media/59a7b9_ac817f2e728b4e76a57e0cdcc40cb7b3~mv2.jpg
a sunday in the summer.jpg,media/59a7b9_65a34217740e4574833a6a25035da962~mv2.jpg
a summer into fall.jpg,media/59a7b9_a10a7a473eef402c90d2d4a6eac86d6b~mv2.jpg
a subtle change of color.jpg,media/59a7b9_ce615728eb1146408cbc23b755a175bd~mv2.jpg
a red carpet look.jpg,media/59a7b9_a48a94ab6c51403c92fe50b7501aadca~mv2.jpg
a quick evening ensemble.jpg,media/59a7b9_e911b923d4ce48bda28a4f327d9640f8~mv2.jpg
a look of boho.jpg,media/59a7b9_aeb037f7b95b4576b799c8879c5ee431~mv2.jpg
a long vest that top off every look.jpg,media/59a7b9_89eb6f55ad194eeb887c2354fc9a7f37~mv2.jpg
a line skirt.jpg,media/59a7b9_edca1fe8e7d943e3a261918134c0abee~mv2.jpg
a fresh start.jpg,media/59a7b9_219434a9c315494f829cc2ed76d8fe12~mv2.jpg
a dress for a curvy lady.jpg,media/59a7b9_be6c92aab9b144a7a3bbda767d19e003~mv2.jpg
a day of summer vacation.jpg,media/59a7b9_9dced213780c4c03bf8462ca64b2fb8a~mv2.jpg
a cold spring day.jpg,media/59a7b9_2b2d3d1a1edd47e29943d1898b3928e3~mv2.jpg
70s.jpg,media/59a7b9_ac00ff3843ad4c4c97d81bbc4abf787c~mv2.jpg
70s show.jpg,media/59a7b9_750f1403f5644f26ba9eff12bd45751d~mv2.jpg
3_14_17 snow storm.jpg,media/59a7b9_0b6dc9d51d2e438187769ea52747b256~mv2.jpg
3-2.jpg,media/59a7b9_506462bd174640b6938a095192604866~mv2.jpg
3 dresses from summer to fall.jpg,media/59a7b9_1c10eb6b08204404a9e2ccb67a83f8b5~mv2.jpg
3 cardigans.jpg,media/59a7b9_ac49b730f997442ca5601e3eec9d1124~mv2.jpg
3 cardigans 1.jpg,media/59a7b9_45498b1dac4f4b03874e26094eb713c0~mv2.jpg
2_1_17.jpg,media/59a7b9_a04e4e43f19d43c2be209fe49198c7dd~mv2.jpg
20_30.jpg,media/59a7b9_51bc945f561d4d4fa76bd2796f10bd4f~mv2.jpg
2-3.jpg,media/59a7b9_35b2e4bc5e68412bb8e207c4d7063460~mv2.jpg
1_30_17.jpg,media/59a7b9_0e22a685ca444d58979adc66685537f7~mv2.jpg
1_29_17 monday.jpg,media/59a7b9_f4fb9d717794436894c03b731f618f8f~mv2.jpg
1_28_17 ootd.jpg,media/59a7b9_57a1b95b419b47f2bb66d40a17102ff1~mv2.jpg
https___static.wixstatic.com_media_59a7b9_f669e5d936c2424887d135764e0a9735~mv2.jpg,media/59a7b9_6447a470cdfc4f68bdde4a32326cc373~mv2.jpg
1.21.17 nyc.jpg,media/59a7b9_f669e5d936c2424887d135764e0a9735~mv2.jpg
1.18.17 wednesday.jpg,media/59a7b9_6be3433495b64b4dbfcce032266ccd69~mv2.jpg
1.15.17 sunday.jpg,media/59a7b9_e5dd35d9be56436ea1f9ca15f809a86a~mv2.jpg
1.12.2017.jpg,media/59a7b9_eb2c2b143809433db74c0bbea6e06ed1~mv2.jpg
one shirt two ways.jpg,media/59a7b9_d808a5b2eaf84f569178fb3cf077aedb~mv2.jpg
how to wear shorts in the unconventional offices.jpg,media/59a7b9_26dcba653793407aaf391fac12bb7524~mv2.jpg
self expression 1.jpg,media/59a7b9_86fec886789445e280744c38e0cb066f~mv2.jpg
for years, many in our community of clients wondered.jpg,media/59a7b9_d2f6c085052248b7919bcf742c8fd87b~mv2.jpg
no name 36.jpg,media/59a7b9_b993eea6ea1145b3ac0965ccc39c3cc6~mv2.jpg
for a warm & relax saturday.jpg,media/59a7b9_e07bb8a278d848a9844382ece5fd96df~mv2.jpg
no name 35.jpg,media/59a7b9_2616dd39429246abb623f5897d300c1d~mv2.jpg
no name 34.jpg,media/59a7b9_cc22836bfe644dbbb10eb6ed3d5f1214~mv2.jpg
work in style 1.jpg,media/59a7b9_11d76da3c36b497682da0b39c6ca89ce~mv2.jpg
multicolored.jpg,media/59a7b9_b7201af0beb94752abf007d13af9999c~mv2.jpg
no name 33.jpg,media/59a7b9_1a02ee85e20f48ddaa84622068efe2a4~mv2.jpg
relaxing & chic weekend.jpg,media/59a7b9_53897c069c6b4df0b5ad3032a4fd7985~mv2.jpg
dress like a lady, think like a boss.jpg,media/59a7b9_4097f6bada2b41a58efd957645117753~mv2.jpg
create your own sense of the style.jpg,media/59a7b9_46c709dd985c4126902c07d243b505ac~mv2.jpg
consider color.jpg,media/59a7b9_9c887f3cb6914187be8f3e07544628e0~mv2.jpg
put on your best.jpg,media/59a7b9_5074debd5d57404e86f07a4fe4188fa1~mv2.jpg
have a style challenge.jpg,media/59a7b9_75512e59fc6645d9a27c8585bac2135a~mv2.jpg
use ruffled bell.jpg,media/59a7b9_7c50eb89fb724522aeb9b45f46c14699~mv2.jpg
staying chic.jpg,media/59a7b9_5e635e7392d64609b0ec68e9fb548f89~mv2.jpg
going to central park summer stage.jpg,media/59a7b9_b2b343566ab9494f90672671f0fe7a18~mv2.jpg
late summer in nyc.jpg,media/59a7b9_2bb6c8c44d004f728cff41efff13932e~mv2.jpg
no name 32.jpg,media/59a7b9_4c7403c036ab40648e844d7ff2c0d261~mv2.jpg
it's as simple as black and white.jpg,media/59a7b9_d5956218f2d64db2b8f2c98ee5e192cd~mv2.jpg
no name 31.jpg,media/59a7b9_3350dce870834b61a1ca27dc6889d771~mv2.jpg
women in leadership .jpg,media/59a7b9_6b3b335a40d9457a8e18fe5d5b4e585a~mv2.jpg
young executive's monday.jpg,media/59a7b9_29e9897111634a709d75d3531f65b44a~mv2.jpg
unconventional black & white for boardroom meeting.jpg,media/59a7b9_b63ff4f7f63949ca982a07f8b88d9ae3~mv2.jpg
no name 30.jpg,media/59a7b9_b69429c04bb74d19a68c38cb66d4e095~mv2.jpg
yvette c.jpg,media/59a7b9_eff9c0c0df724378aeb00a14273cbc37~mv2.jpg
ellen.jpg,media/59a7b9_ba89974463a8417ea0ee910fc7fd20e3~mv2.jpg
tiffany w.jpg,media/59a7b9_aa8c9e6ca51f4ba6a4cce41833696f57~mv2.jpg
nicole c.jpg,media/59a7b9_461fdd0901c847c49815b910bf959914~mv2.jpg
xiao yan c.jpg,media/59a7b9_b60788a375cd4a25831a15072f38d923~mv2.jpg
romantic .jpg,media/59a7b9_3f527dd19ea042fdbc7afe11322c4a0e~mv2.jpg
mugiko.jpg,media/59a7b9_7de739fe976c4abb94913dfd41fb913c~mv2.jpg
ellen s.jpg,media/59a7b9_2afc430a06d54ae293ee4c33f29ce43d~mv2.jpg
susn c.jpg,media/59a7b9_e5a75033bffc43bbbfd4b07b35a99111~mv2.jpg
ootd 2.jpg,media/59a7b9_c625c4e5c2254597a3b8c60636151fea~mv2.jpg
shirt dress + best for autumn.jpg,media/59a7b9_53fd1ce2f09843579b020d8b62f38be1~mv2.jpg
traveling to south.jpg,media/59a7b9_e3ea0345f2b842e8b672cf5eec6dc9a0~mv2.jpg
hoodies.jpg,media/59a7b9_9f315402ccf94b8090e07442b316f3e6~mv2.jpg
huguette.jpg,media/59a7b9_5395b693660e4005a327312ef1823514~mv2.jpg
patterns.jpg,media/59a7b9_4ab0968fde5b4656be34b177984c7fb7~mv2.jpg
fall update.jpg,media/59a7b9_3eed5d90c6dc45afb882b40ea4a5b7e1~mv2.jpg
milia.jpg,media/59a7b9_c952253ba7874f0aa253405b7e9e5a7a~mv2.jpg
layer up with colors.jpg,media/59a7b9_cb8bdc1c1b4446978a7d2614853b6db7~mv2.jpg
sunday for sue.jpg,media/59a7b9_d99f45a57a704b868466fc8a4efddc13~mv2.jpg
shop in the closet.jpg,media/59a7b9_b1bf8c765f8040e0ae3f2177913f7769~mv2.jpg
gala.jpg,media/59a7b9_567e17e54fe0464d8569f46eb76522ef~mv2.jpg
elena.jpg,media/59a7b9_871b7f47895148b6b6043fd5ce5cbace~mv2.jpg
grays.jpg,media/59a7b9_5b0e6a85bf97451381e1353b74aaa88e~mv2.jpg
no name 29.jpg,media/59a7b9_6abec1506e6745169724d034d4fb24f0~mv2.jpg
forever black & white.jpg,media/59a7b9_a190eb09f5c04fca9402708b0de72aac~mv2.jpg
monday meeting.jpg,media/59a7b9_c898752afa964eb28c97bf758de6f4c9~mv2.jpg
ootd 1.jpg,media/59a7b9_d8a6df503f6f49bfbbf147331cd6ee4c~mv2.jpg
halloween 2.jpg,media/59a7b9_0ed9d0859ecb4753be83bbfc4f152006~mv2.jpg
soft color with jeans.jpg,media/59a7b9_87ed639bd7bc4e7985bbf0ae7c3056de~mv2.jpg
it's gym time.jpg,media/59a7b9_407aaf1308a248cda5a2d819e7168ce7~mv2.jpg
murry.jpg,media/59a7b9_e11891fb13cb459d8cef1448514ee35f~mv2.jpg
sunday street.jpg,media/59a7b9_dc274537484943b69a20763d6ba6de79~mv2.jpg
pattern.jpg,media/59a7b9_056d7d0c36a340909d8eeb821a505d84~mv2.jpg
ootd.jpg,media/59a7b9_c62e5f44cc3b4c3f80d5bda3a90cb0db~mv2.jpg
using lines.jpg,media/59a7b9_502cbb5eb5164861b3e3d203a5cb6206~mv2.jpg
express with colors.jpg,media/59a7b9_af653d674cc4464f858b2748f67de2ef~mv2.jpg
using design elements.jpg,media/59a7b9_fe1ed05238954a1d9879633230721416~mv2.jpg
no name 28.jpg,media/59a7b9_f81f0280ac6e47659a93893b294a30de~mv2.jpg
no name 27.jpg,media/59a7b9_413e92183b7048a4bd5821c3ba61fb44~mv2.jpg
modern chanel.jpg,media/59a7b9_80dd0cb890a847ae8d4df05f908716ab~mv2.jpg
no name 26.jpg,media/59a7b9_83a465c77e584b24859fa30b293333ab~mv2.jpg
soft touch 1.jpg,media/59a7b9_39c632cf8b684bf0b3ea123cb6f4ed28~mv2.jpg
wednesday meeting.jpg,media/59a7b9_44b17ef2dca4459e866180554358bc09~mv2.jpg
oblong.jpg,media/59a7b9_c2e16e380bf04eacab13551df4427acb~mv2.jpg
yog time.jpg,media/59a7b9_c6e46e51300349beb0b2eac2385db527~mv2.jpg
traveling with style.jpg,media/59a7b9_c71ad8d9119a4d7f94374c92c9d7debc~mv2.jpg
sunday together.jpg,media/59a7b9_ec972b528e5141cdb86bfebb8eeb45fc~mv2.jpg
madison.jpg,media/59a7b9_bebd6c12269040a795f64ad748f6057e~mv2.jpg
happy thanksgiving.jpg,media/59a7b9_85ac66c54a8341d793e3c05aff509749~mv2.jpg
sunshine on monday.jpg,media/59a7b9_6f14e0dbaba6464ba3880b1a8519fa1d~mv2.jpg
warm 1.jpg,media/59a7b9_61c65c112dac44d49f24268579183b8e~mv2.jpg
cool.jpg,media/59a7b9_5f980969600441c4a9fb405edd1af8af~mv2.jpg
holiday shopping .jpg,media/59a7b9_331c5685a3be4d81b7abad6b872be1da~mv2.jpg
wednesday.jpg,media/59a7b9_ad249776345a428197a016c0bd1ffae8~mv2.jpg
uptown girl 1.jpg,media/59a7b9_25d06b3b799342718b2d39057e548d6c~mv2.jpg
young & bright.jpg,media/59a7b9_f607f61896714b66910c475903db3853~mv2.jpg
ruffles on the modern day.jpg,media/59a7b9_a4b529ec04014364a73cf991833ba789~mv2.jpg
confidence 1.jpg,media/59a7b9_474f0344f0b6442ba0136e5a6016705a~mv2.jpg
condifence.jpg,media/59a7b9_9d8787822ef54d199a224d4400ba09ea~mv2.jpg
pattern on pattern.jpg,media/59a7b9_f6b384cae61641b39c7346cef561a168~mv2.jpg
office party 2.jpg,media/59a7b9_b0c68b291d674bc089294ff81180ea50~mv2.jpg
grandma's fur.jpg,media/59a7b9_6b430bb9d8674c4fa4c86d7006fc295a~mv2.jpg
using ruffles.jpg,media/59a7b9_f7a4eb48c2b24e8893b90d71bfc927c8~mv2.jpg
dresses for new year.jpg,media/59a7b9_4a15b100e8674eeb8974acc23e75fdcb~mv2.jpg
snow jackets.jpg,media/59a7b9_1b5beb604e0349b8a91025fbc31b7b9a~mv2.jpg
no name 25.jpg,media/59a7b9_74f21d8dda754d669fe510e95bdcbacf~mv2.jpg
no name 24.jpg,media/59a7b9_a3df8d4f67dd4f829c6c4ce37b655e72~mv2.jpg
instead the ugly sweater.jpg,media/59a7b9_611dd92a99dc418d83f21af47a000d49~mv2.jpg
soft winter.jpg,media/59a7b9_83f17e5319d041b2a2dd5dbd9ebc2ae1~mv2.jpg
home for holiday.jpg,media/59a7b9_af1fce7b1e7248ce829e7eb2ce87e965~mv2.jpg
dress with personality.jpg,media/59a7b9_f093231951024d4797de8f944c44d83a~mv2.jpg
office party 1.jpg,media/59a7b9_44a48342729f469286c9b0ddd9966577~mv2.jpg
silent night.jpg,media/59a7b9_aff0c51f518748c88d38038fb88a8f3d~mv2.jpg
mix colors.jpg,media/59a7b9_aa0a26700047414c93621dfec2d05711~mv2.jpg
warm winter day.jpg,media/59a7b9_229f8bf8b0074667ab221d249c05201a~mv2.jpg
no name 23.jpg,media/59a7b9_497894d0b01f434cb16130c485bce837~mv2.jpg
red for the new year.jpg,media/59a7b9_c627426a2bda48b095e1f7e9231e4f50~mv2.jpg
red for the holiday.jpg,media/59a7b9_b28552f5b1e74f3b82e2c6eb5a725f03~mv2.jpg
winter maxi.jpg,media/59a7b9_11e74896e8db4d99a903e9ea9b2ce655~mv2.jpg
weeend layers.jpg,media/59a7b9_c5a40a7052564ce0935c69cbb498e8f9~mv2.jpg
leaderships.jpg,media/59a7b9_e46c539224a949d6a51be7a906612b2c~mv2.jpg
maximum comfort.jpg,media/59a7b9_40e85c15e6e84092a93cb748016a71fc~mv2.jpg
faux-fur coat.jpg,media/59a7b9_df9ded3b654c4c6690315214eb3b41ee~mv2.jpg
street fashion.jpg,media/59a7b9_656deb86eaea4f8fb0bda4d88a90a326~mv2.jpg
green 1.jpg,media/59a7b9_dfdabb2afd0c4bcb843a1b80d2639977~mv2.jpg
green wednesday.jpg,media/59a7b9_00af1cfbe630448283abfc70849be0ca~mv2.jpg
wrap up.jpg,media/59a7b9_a9ffd6cf64ee47baa97b9ef3d301962b~mv2.jpg
winter get away.jpg,media/59a7b9_64d172784772477989bdf3d79fa0267f~mv2.jpg
satruday comfort 1.jpg,media/59a7b9_30616ae390484c2ca353652372de74f5~mv2.jpg
cool weekend warm weather.jpg,media/59a7b9_06b9612635e74c6d90d219f8b4f79367~mv2.jpg
winter to spring.jpg,media/59a7b9_3007632c2b9944efaea9baf495a9f08a~mv2.jpg
monday presentation.jpg,media/59a7b9_dc0b1d0d1ad44e80acf63913f21b3052~mv2.jpg
hollywood style.jpg,media/59a7b9_648cb0110ee747ef979ccbbb133b9cd6~mv2.jpg
now & after.jpg,media/59a7b9_a0947e63a9834740b69cc8fb4a768e62~mv2.jpg
happy days.jpg,media/59a7b9_91c883bbcd5a4e48ab745ff5023ebc8f~mv2.jpg
wednesday 1:25:17.jpg,media/59a7b9_e9da21129bce4af9a57d0b4904b419b2~mv2.jpg
golden brown.jpg,media/59a7b9_0d664b8b71d8479ea673b5563e408e04~mv2.jpg
women in leadership 5.jpg,media/59a7b9_2cafd7740b894635a16e37798067cb1b~mv2.jpg
women in leadership 4.jpg,media/59a7b9_47092a9817d04c9a8246c7b7466e82e9~mv2.jpg
sexy & professional.jpg,media/59a7b9_6bc4e296d7f544d7ab5cf53e7c9c81ef~mv2.jpg
unconventional.jpg,media/59a7b9_25f3cbd457e54558866492505b7e3cdb~mv2.jpg
spring update 2.jpg,media/59a7b9_f9030d3064fc4a289725dc0c400563fb~mv2.jpg
women in leadership 3.jpg,media/59a7b9_091145be719948778b13fa4d44690c24~mv2.jpg
women in leadership 2.jpg,media/59a7b9_ac922f4f9cda4eb99046eb177ba82847~mv2.jpg
women in leadership 1.jpg,media/59a7b9_5d90e7ea5778451d9efc0cb786b94139~mv2.jpg
weekend shopping 1.jpg,media/59a7b9_675b137c60ee4ba5a91f0b52c52ce22e~mv2.jpg
love in the first sight.jpg,media/59a7b9_a065b9c8be22498aa6f8310fb48ff266~mv2.jpg
multi-function.jpg,media/59a7b9_43fe231e85ee4484b8900d7b97d10c5f~mv2.jpg
starting a week with .jpg,media/59a7b9_5113e5d3f43547a28355e11737322694~mv2.jpg
ski 2.jpg,media/59a7b9_c3c9f31078a04c398c042f593b94a3bd~mv2.jpg
green trench coat.jpg,media/59a7b9_103718b343b94b658aa8bd2af0fa60f9~mv2.jpg
ski time.jpg,media/59a7b9_f2c48788f42646b38511cb73e17bb10d~mv2.jpg
metalicious night.jpg,media/59a7b9_d14f7ee3a33a4a798290b02b6b4a512a~mv2.jpg
simple update.jpg,media/59a7b9_d68cf7e4da834d7fbc6758d4672745fd~mv2.jpg
dressing fun.jpg,media/59a7b9_f61fc60e8be14ae4aef8a8f21e64a443~mv2.jpg
young & professional 3.jpg,media/59a7b9_4addfa7161bf4bf9ab5a409ce86a153c~mv2.jpg
printed dress.jpg,media/59a7b9_5d4356ab9a2e4d61b992298d70d0b798~mv2.jpg
power of the colors.jpg,media/59a7b9_f12ef9290b6a4245b8984b84505e5d63~mv2.jpg
young professional 3.jpg,media/59a7b9_f8815ca0dc57453fa68abf25fd1a19f4~mv2.jpg
sophisticated combo.jpg,media/59a7b9_138c14d9bb2f478686572fba7b6486d6~mv2.jpg
dark & bright.jpg,media/59a7b9_6a99aeed85f94ced94bfbfd812f0421c~mv2.jpg
women in technology.jpg,media/59a7b9_95d92be1a15646e2b6b53acb5ddd6a9b~mv2.jpg
spring forward.jpg,media/59a7b9_6ea91b3841a9487392d809c7bf729011~mv2.jpg
warm & cool combo.jpg,media/59a7b9_f1bd9c33cccd48ed909267ef2a84a75d~mv2.jpg
youn g & professional.jpg,media/59a7b9_de9a05f56a1c4249bb6789acadd68e36~mv2.jpg
warm & neutral.jpg,media/59a7b9_a73254ea1d164fb4897a9724b388fea8~mv2.jpg
winter is not over yet.jpg,media/59a7b9_c2df4812688e442089e4b83931401a7f~mv2.jpg
la's weekend.jpg,media/59a7b9_91113017f6424e15bd555d2f4eda5aad~mv2.jpg
smart & chic.jpg,media/59a7b9_2102c0e426364cebbd28d310865e24bb~mv2.jpg
spring layers.jpg,media/59a7b9_d9b5fe3165e44d689643579be4010f04~mv2.jpg
spring update 1.jpg,media/59a7b9_767dbc1bc5b64bd1a35cc14d884c5085~mv2.jpg
from work to the event.jpg,media/59a7b9_faa9be34167a4d6fac701e6c18c27dee~mv2.jpg
spring essentials.jpg,media/59a7b9_423c09ec16bc4e2e98a9d448e9487f9b~mv2.jpg
no name 22.jpg,media/59a7b9_3d6f0d28870f465f8a7407072f865235~mv2.jpg
printing spring.jpg,media/59a7b9_8422ebea7f3545fa9a7043fb48fe6645~mv2.jpg
green is a new beginning.jpg,media/59a7b9_e3f8b819cf2943568ffe366e72fad97c~mv2.jpg
relaxing friday.jpg,media/59a7b9_2dc9265f6ebd4b9aacbbdf9d9fa5e3b4~mv2.jpg
free expression 1.jpg,media/59a7b9_43127a053fc04c018543932eb13401b0~mv2.jpg
luisa's date night.jpg,media/59a7b9_9714173ca8f642368d215090a6b7f1ad~mv2.jpg
no mistake black & white.jpg,media/59a7b9_d03a5ee5d6fc467db120fe6d9517b87e~mv2.jpg
fresh start spring.jpg,media/59a7b9_fe798b89cb224796b7b283f33abf1645~mv2.jpg
cool sunday.jpg,media/59a7b9_29ff134587a04e5ba1cdde477c96fe8e~mv2.jpg
spring break.jpg,media/59a7b9_1eb0fafa8d7a4a42821f23559907c21d~mv2.jpg
fresh day.jpg,media/59a7b9_812c481f47c14857b9fa4ac8c25a4aed~mv2.jpg
garden party.jpg,media/59a7b9_41c562d1c4734953aa8b18ff68fa81f0~mv2.jpg
no name 21.jpg,media/59a7b9_89b69935c97e400dae376692ec85d84b~mv2.jpg
from 9 to 9.jpg,media/59a7b9_1c429c29278f423bb8d91cea0718418e~mv2.jpg
lace on laces.jpg,media/59a7b9_45f05f711ff944449bd23785546eff10~mv2.jpg
easter weekend.jpg,media/59a7b9_6f4fb117bd1f4c9087ed2bd43cd487ee~mv2.jpg
when in doubt wear a dress 2.jpg,media/59a7b9_bdc16274ff374584afc643e74ca60d58~mv2.jpg
golden power.jpg,media/59a7b9_8050abf382e34e6483dbe47734226f68~mv2.jpg
lively board room.jpg,media/59a7b9_672a6187f0ab4a6b8610596b13675cb8~mv2.jpg
spring nudes.jpg,media/59a7b9_cb0cefab92c144cd8bb75d05b41f869d~mv2.jpg
no name 20.jpg,media/59a7b9_c1dcabb78db44f5386565806179c4230~mv2.jpg
tranding.jpg,media/59a7b9_ab81996c716244128175e6fdb94ba9bf~mv2.jpg
easter sunday.jpg,media/59a7b9_f94445353fc14bf6bf6042c3e78cd49e~mv2.jpg
black & white 5.jpg,media/59a7b9_26bcef4e4060495f8ea1758e846eb9b7~mv2.jpg
spring gala.jpg,media/59a7b9_a8cc0d9174c34f398226b5e87c28c785~mv2.jpg
sunday brunch 1.jpg,media/59a7b9_173172afb8e345b195df4efae71566da~mv2.jpg
free expression.jpg,media/59a7b9_959ef64c98f14430a3d51fc87ba97041~mv2.jpg
monday's board room.jpg,media/59a7b9_b7fdc0c7a5b14ed8bb983c5bf4086352~mv2.jpg
saturday comfort.jpg,media/59a7b9_934a10f7e2644cfea6824bdb339527df~mv2.jpg
skort = shirt+ short.jpg,media/59a7b9_846088c5320d48b9b96c9d464b9fc526~mv2.jpg
evening chic.jpg,media/59a7b9_86d712b58c88454686b061651cfa5fa1~mv2.jpg
maxi 2.jpg,media/59a7b9_abb43c9510d54fac89cfcdd06fa6ef1b~mv2.jpg
off shoulder top & high waisted pants.jpg,media/59a7b9_ea412065ae8f4ee2840530e809248693~mv2.jpg
no name 19.jpg,media/59a7b9_a8772421870f43df8bd6f5c3ecf241e5~mv2.jpg
life isn't perfect but your outfit can be.jpg,media/59a7b9_88b953202e884ce29b8b4e2b8d3e11ff~mv2.jpg
line directions.jpg,media/59a7b9_786e0f38a0884b87ab9b0a7a702e7808~mv2.jpg
fresh out.jpg,media/59a7b9_a7f3cac9236f4748b59d2f07eb1bca8e~mv2.jpg
young professional 2.jpg,media/59a7b9_e92e9463a4704277985ce5372959ae46~mv2.jpg
power of colors 1.jpg,media/59a7b9_2f041b8f41284fd69e916c1fe745cfc3~mv2.jpg
sunny & warm.jpg,media/59a7b9_aeeb4aa080424ef1ab848d7491fe165a~mv2.jpg
green for the season.jpg,media/59a7b9_6a3910a768e340258aea46f8b61edb39~mv2.jpg
on & off duty 1.jpg,media/59a7b9_4b5a41572e4147ae8da9f1fa3d159b78~mv2.jpg
no name 18.jpg,media/59a7b9_5188673c736941c3abebebd3adf6580a~mv2.jpg
date night.jpg,media/59a7b9_1d7723e5c474497380aaf4248d2fd463~mv2.jpg
no name 17.jpg,media/59a7b9_771f4ccfb86841f185675abcff720dd1~mv2.jpg
on duty.jpg,media/59a7b9_dc4946c8cc534789b7d46f8333e17bb6~mv2.jpg
monday's luncheon.jpg,media/59a7b9_49c732cd17af4434889d4b5ec14c31ef~mv2.jpg
power of the red.jpg,media/59a7b9_e84d3051ed6d4220a801102692bec321~mv2.jpg
no name 16.jpg,media/59a7b9_ae98ebae75094e5f943fd560703b5c21~mv2.jpg
playsuit.jpg,media/59a7b9_6c4b0b9ae4de4e7d8c15c806ffa85df6~mv2.jpg
travel peace.jpg,media/59a7b9_527ad2f108a34277bec7856388e772df~mv2.jpg
soft chic.jpg,media/59a7b9_b91cd0f8a5aa4b6cbfa91d5c928ad5d9~mv2.jpg
sophisticated lady.jpg,media/59a7b9_1aece824ab2840f9b6806e1bb8b4d3df~mv2.jpg
gentle lady.jpg,media/59a7b9_359be96fd49646f6b245e79862f8c4a6~mv2.jpg
weekend travel.jpg,media/59a7b9_321a2d6aa73447fdad3b3f66a2f7da64~mv2.jpg
working from home.jpg,media/59a7b9_204e2130b4544d9f9ff1a705080333c2~mv2.jpg
no name 15.jpg,media/59a7b9_d4ac3367c1e0479aa8684f21315a3d69~mv2.jpg
nude colors.jpg,media/59a7b9_5e73e913053941e8a7bfb955d7ed2f09~mv2.jpg
happy memorial day.jpg,media/59a7b9_ad709bb3d6264ddbb6f0eec7be6e73f6~mv2.jpg
elegant traveler.jpg,media/59a7b9_636ae209163344c29253622b530fbf75~mv2.jpg
summertime.jpg,media/59a7b9_62797c1d393a4aad9aeceda7f0038aa3~mv2.jpg
not a suit.jpg,media/59a7b9_adbf37205a744e9db8ccb5e018d1032c~mv2.jpg
fun with colors.jpg,media/59a7b9_009072c1506543bc9cc2b35c4bf32529~mv2.jpg
street smart.jpg,media/59a7b9_8269c7d7337e4cf4a316f97d44e0a667~mv2.jpg
summer comfort.jpg,media/59a7b9_5a1e3c0d6c3148ef9b16282f7ae30140~mv2.jpg
vacation comfort 2.jpg,media/59a7b9_9095d92c80d54992a5d8a306aa190bcb~mv2.jpg
weekend with business professional.jpg,media/59a7b9_7c3a15d155804897a526b4d7fe7423f4~mv2.jpg
soft negotiations.jpg,media/59a7b9_fb52a561764f436285f43e9df0782211~mv2.jpg
multi functions.jpg,media/59a7b9_c4406960382140adabba591d00eace5d~mv2.jpg
mix & match.jpg,media/59a7b9_5fc09e28b2124c43a8796e06404d3cf2~mv2.jpg
red 1.jpg,media/59a7b9_c607b9d9e9994950b4d7f6802bf8b104~mv2.jpg
red of influence.jpg,media/59a7b9_93d4b670a8324d07898f7ed195ad338c~mv2.jpg
pink attire.jpg,media/59a7b9_51f89aed66e0413189353837034cb2d6~mv2.jpg
softness is not weakness.jpg,media/59a7b9_fabab8fe99a34fd6bd4e5de0db0293da~mv2.jpg
don't forget the sunscreen.jpg,media/59a7b9_4ae9054eceef4438906eab265432b437~mv2.jpg
saturday fun.jpg,media/59a7b9_f0798b65390449a89952373fd5415adb~mv2.jpg
it's friday 1.jpg,media/59a7b9_fa30968c8fee46fe9085a089694646f5~mv2.jpg
no name 13.jpg,media/59a7b9_91e658d622c54252953a23cd14a92145~mv2.jpg
no name 14.jpg,media/59a7b9_4423039ba03b458b8855b8b8c8a9bd2d~mv2.jpg
no name 12.jpg,media/59a7b9_a950319f7acc42b4926c69c4025d85c3~mv2.jpg
long weekend.jpg,media/59a7b9_7aa3f9958f514aac81dde7d4c0e353a9~mv2.jpg
comfortable and colorful.jpg,media/59a7b9_118feec495b646b098c74330a60eb615~mv2.jpg
happy 4th of july.jpg,media/59a7b9_18d3e5f004cd4e8ab4fcea0f3234581f~mv2.jpg
no name 11.jpg,media/59a7b9_bb889580a9694dec9974a433b595e757~mv2.jpg
happy july 4th.jpg,media/59a7b9_4d15a8d476a34540895fa94328bf271c~mv2.jpg
young professional 1.jpg,media/59a7b9_c26e84b122f74af6b4f7043ea837cc88~mv2.jpg
relaxing.jpg,media/59a7b9_5ceb54027df04833863e43f93116241a~mv2.jpg
it's all about red, white and blue.jpg,media/59a7b9_9b424947119b4447b100963407c68d49~mv2.jpg
friday play suit.jpg,media/59a7b9_8efe411af660417f990b70ff6bf4468e~mv2.jpg
romantic.jpg,media/59a7b9_18498e5843e0453bb72cdfad3e557530~mv2.jpg
no name 10.jpg,media/59a7b9_df6da5ed8c3a425898ae7c537e74cc8c~mv2.jpg
minimalist.jpg,media/59a7b9_f6eddbd88b284596b11121122a4a21f8~mv2.jpg
layered skirt.jpg,media/59a7b9_e5e2a50f5edd4cbc9cfd70ce6d556221~mv2.jpg
when in doubt wear a dress 1.jpg,media/59a7b9_68e8002d25a540ea8eac246f74901b39~mv2.jpg
simply black & white.jpg,media/59a7b9_ae502a37a3844eb0afe1c980c1b8c860~mv2.jpg
shorts friday.jpg,media/59a7b9_481d5c560e6045d1beec5da7b5920290~mv2.jpg
happy monday.jpg,media/59a7b9_4228fbd87ebe4144b6376fbdb5519f43~mv2.jpg
no name 9.jpg,media/59a7b9_c5d9c30f2f2e483ba626fdfeb8c25437~mv2.jpg
elements of design.jpg,media/59a7b9_474fa0daca604c7faf8956d2597be5be~mv2.jpg
confidence.jpg,media/59a7b9_27fc8d087cbe441783863290a1cbbe6a~mv2.jpg
rose pink & grey.jpg,media/59a7b9_9140f36f3c644792996420ccd4de4e20~mv2.jpg
sunday.jpg,media/59a7b9_d8f8ddfabe6643b4a9e0f3c580795d53~mv2.jpg
off duty.jpg,media/59a7b9_318215e8163c40e5bdc1ee67af3819b0~mv2.jpg
soft touch.jpg,media/59a7b9_51eefc12f64d423a9b3be502661508f9~mv2.jpg
cool & edgy.jpg,media/59a7b9_ba2c26fa774a46afb8ccbb023eafc7f3~mv2.jpg
soft weekend.jpg,media/59a7b9_200d4174980a4cf9a7fba2add16f1bbf~mv2.jpg
peachy monday.jpg,media/59a7b9_3634cf6325ce46cb95e95b9955e22076~mv2.jpg
get to the business.jpg,media/59a7b9_c9d6359a9bfa41179cf1155aff45d500~mv2.jpg
summer layers.jpg,media/59a7b9_2c26ea092fc7410ba91e723ddcf029ad~mv2.jpg
veronica's sunday.jpg,media/59a7b9_aaf62797246e4d13b643ae062ab7d642~mv2.jpg
weekend getaway.jpg,media/59a7b9_a05af35d847e4f438cff6f850c82ba9c~mv2.jpg
resort style.jpg,media/59a7b9_31ce144c62ca45e8bc370d9e45888019~mv2.jpg
unique style.jpg,media/59a7b9_604dce21d08e44d1beb0ea7f12a982a2~mv2.jpg
on duty & off duty 1.jpg,media/59a7b9_25d9bd0140fc4b3fb9b90baaa5d90d4b~mv2.jpg
dressy shorts.jpg,media/59a7b9_698ebf567a1d46769faa1a26377ad1fe~mv2.jpg
when in doubt wear a dress.jpg,media/59a7b9_ab5d61f748894ea79f9b76ee26727c78~mv2.jpg
thursday night.jpg,media/59a7b9_b064fb5211b94190bd1589d18ef495ac~mv2.jpg
office elegance.jpg,media/59a7b9_b005c7f44e574f13a3432cc9d7d2fa6e~mv2.jpg
young professional.jpg,media/59a7b9_22bc36db23f74598a7faf30bf7c50663~mv2.jpg
young & powerful.jpg,media/59a7b9_e660b5daf7cf45aab9b5a1b3a5a41b61~mv2.jpg
summer into fall.jpg,media/59a7b9_6da90bf6b6a6430db3bae861e0594295~mv2.jpg
fall previews.jpg,media/59a7b9_4a4cd6fefdc042bb8c9d25b94f5b4d30~mv2.jpg
no name 8.jpg,media/59a7b9_fd51be8a779c458684952fe15ad00e40~mv2.jpg
olivia's friday.jpg,media/59a7b9_b9904f3078d14707abd678684936f3d8~mv2.jpg
pre fall 1.jpg,media/59a7b9_6535d342bb9c4c778a7e1f0a7946b315~mv2.jpg
starting a day with a right outfit.jpg,media/59a7b9_93a69a40aea74afab39415168485f78f~mv2.jpg
office comfort.jpg,media/59a7b9_2389673437694855a2b52ab9ba9b859e~mv2.jpg
sunday at ct.jpg,media/59a7b9_c2ed0bf2cb504e4c819feec68991f9c3~mv2.jpg
working saturday.jpg,media/59a7b9_4085a8b4bfbe4b658203cf60b16d58cd~mv2.jpg
thanksgiving.jpg,media/59a7b9_fa9144fb741248d0b8e5c0b672b36695~mv2.jpg
maxi 1.jpg,media/59a7b9_0c8566ef381a478bad9289a0021c2d94~mv2.jpg
earth and sky.jpg,media/59a7b9_b52539d6391f42d0a8185b5de117aa1e~mv2.jpg
cool from every angle.jpg,media/59a7b9_0e06a4f99c9b49d5a988558aace57123~mv2.jpg
pre fall.jpg,media/59a7b9_22dbe16d393b467da088770dc87ae7f1~mv2.jpg
power of colors.jpg,media/59a7b9_9aaa04c3db9a48828202a03dc0df9e6c~mv2.jpg
sunday shopping.jpg,media/59a7b9_029997b376b84b8783748a83f0cf03c3~mv2.jpg
the late summer.jpg,media/59a7b9_4024a836b2504018afa16f2e5c1f9ff1~mv2.jpg
friday night.jpg,media/59a7b9_486e832958db4a2dbae156bf800aeb16~mv2.jpg
saturday luncheon.jpg,media/59a7b9_bc31154c30a04d52823bb62625a9406b~mv2.jpg
simple chic 1.jpg,media/59a7b9_c2dcb59ddbb345fba5c10fe6150bcd80~mv2.jpg
dusty rose.jpg,media/59a7b9_f5a6b8b878954f1c8f56d36680242e78~mv2.jpg
reserved sexy.jpg,media/59a7b9_694f10d78cbd4214a4a2d8560f83afde~mv2.jpg
goldenrod.jpg,media/59a7b9_d8180c980109491fa3cc8560bac71e1c~mv2.jpg
the corner office.jpg,media/59a7b9_cf504f173ac747c19d5f5b56fa2209dc~mv2.jpg
soft power 1.jpg,media/59a7b9_bad1b390522c44a28687d4d4d010fc43~mv2.jpg
fall inspiration.jpg,media/59a7b9_9ac548e52c62435c88826721f0b3ba95~mv2.jpg
simplicity.jpg,media/59a7b9_175b3ba2f9b64282a2a26ab3daf414e5~mv2.jpg
fall layers.jpg,media/59a7b9_5974bd62d95a45fa858d2bb99639cb76~mv2.jpg
one fun day.jpg,media/59a7b9_54b851aed03a43a59e1a96a84b144d7e~mv2.jpg
power of dressing.jpg,media/59a7b9_44606928ff9942d299f800a75dbd036d~mv2.jpg
corner office 1.jpg,media/59a7b9_3159df1d284c4f2ab52be9706dae012d~mv2.jpg
figure 8.jpg,media/59a7b9_4b30c26366b24b99bcbdb8513826d323~mv2.jpg
patterns on patterns.jpg,media/59a7b9_d479e51bf90c4d72968696373c8e526d~mv2.jpg
women in leadership.jpg,media/59a7b9_e17287f3684e46de967ccb199b936ce5~mv2.jpg
on & off duty.jpg,media/59a7b9_5616cd62f45240d2aa732bd2cdb69e7b~mv2.jpg
prints.jpg,media/59a7b9_41bdcd7f1da5437ea3b3e8d3c11f6177~mv2.jpg
floral dress.jpg,media/59a7b9_f9e821771d3a4a7b9479a86dc246e8d8~mv2.jpg
young professional .jpg,media/59a7b9_13bd881a3f2a4266914c21b66ab6c79d~mv2.jpg
colors & patterns.jpg,media/59a7b9_1720810c83e54b6c9fa52f0d50858f58~mv2.jpg
no name 7.jpg,media/59a7b9_be2f733db05a4db585d01446deda4a5c~mv2.jpg
downtown girl.jpg,media/59a7b9_cc6523bd291b489c8f52f483295691e6~mv2.jpg
october fest.jpg,media/59a7b9_7bad40a9d5294fa9bba659537009b65b~mv2.jpg
working weekend.jpg,media/59a7b9_d6f640ed5eb5498c83ed48c7aedae08c~mv2.jpg
for a triangular.jpg,media/59a7b9_30145097dd5c46c7bdabcdae5746dedf~mv2.jpg
happy halloween.jpg,media/59a7b9_a9e48058250c40caa0dc7348ae5cd207~mv2.jpg
corner office .jpg,media/59a7b9_7c92f05d8be14afda14850d65de91d5e~mv2.jpg
seasons layering.jpg,media/59a7b9_027246edd6d942f2a3e5d42bd595355c~mv2.jpg
happy friday 1.jpg,media/59a7b9_436a93a55e4641cf9ea63944dab5a11e~mv2.jpg
edgy.jpg,media/59a7b9_e714e02fe9094155b8678fe6ef0a04f8~mv2.jpg
saturday night.jpg,media/59a7b9_7f50a5cb19684e5180ef7ab11575fbf4~mv2.jpg
gala night 1.jpg,media/59a7b9_ee64988ea0154804ba000d1a348da948~mv2.jpg
gala night.jpg,media/59a7b9_9c8914f8d8394a5097a4c301fb7f6f85~mv2.jpg
conservative thursday.jpg,media/59a7b9_2a43db4ddafd4c29b4d1261cfd9eb350~mv2.jpg
conference.jpg,media/59a7b9_0ecccc362d2a4b8998cabd5f0f84ee78~mv2.jpg
deep autumn.jpg,media/59a7b9_e8b8e6cad493400fa2a9b7b4fa29c04a~mv2.jpg
statement.jpg,media/59a7b9_1919738612bf4a20b22a8161a2db91f7~mv2.jpg
statement monday.jpg,media/59a7b9_4b8a16ae65f24e6ea58d524861c31540~mv2.jpg
conservative business.jpg,media/59a7b9_9dc88a913a8d49c8afd660030fbd1b0c~mv2.jpg
negotiations day.jpg,media/59a7b9_f82dd52225f14698bef6636fe9b78c0d~mv2.jpg
uptown girls.jpg,media/59a7b9_4f1de685dc584801a6f33b85fb579a48~mv2.jpg
holiday shopping.jpg,media/59a7b9_5584415dfb2a45028e3e39bcc271c8ac~mv2.jpg
elegance.jpg,media/59a7b9_d3ea9b56c1ad44a0a91a32be780cbc6d~mv2.jpg
green day.jpg,media/59a7b9_a7373fd248d7499793dca2cdf1b87c34~mv2.jpg
warn monday.jpg,media/59a7b9_65e7f5703528450980b46d2206ec62d2~mv2.jpg
style is. personal thing.jpg,media/59a7b9_fd58c57d63714b3d8814b62c626facc0~mv2.jpg
no name 6.jpg,media/59a7b9_45f121c23da44c69842bde59771de0b0~mv2.jpg
sunday brunch.jpg,media/59a7b9_864a89390d0f4db2946d1d2a40ac4d7b~mv2.jpg
daniella.jpg,media/59a7b9_f3e57f67efb8425c847fb313cdd35177~mv2.jpg
it's friday.jpg,media/59a7b9_3dc57c4d7dcb485bb0811390b7374859~mv2.jpg
young & porfessional.jpg,media/59a7b9_c15118f3ba1a435fa5032f339f298e3c~mv2.jpg
on duty thursday.jpg,media/59a7b9_438e3599e40547eba52fd3409edce77d~mv2.jpg
red tuesday.jpg,media/59a7b9_ad636609b388477883217070198d1beb~mv2.jpg
sunny saturday.jpg,media/59a7b9_a177807b65934c94baf87d75a15a7dd9~mv2.jpg
conservative.jpg,media/59a7b9_1e6101015a194dc9a4cb2edbf110fd1a~mv2.jpg
everyday pieces.jpg,media/59a7b9_059160be58a24e4489e482e90e2b859d~mv2.jpg
young & tech savvy.jpg,media/59a7b9_e5a9f8ed4af247139920d903a3ca2380~mv2.jpg
working sunday.jpg,media/59a7b9_c919095f8ebd4ca3a8d2207711942402~mv2.jpg
elizabeth friday.jpg,media/59a7b9_47fd93fdf1e9422b95b4530be8735bbb~mv2.jpg
holiday officer.jpg,media/59a7b9_e127239bce3449b88f929154825c95d6~mv2.jpg
weekend in nyc.jpg,media/59a7b9_70ac477642e643139b4b1a6783cba63b~mv2.jpg
graceful.jpg,media/59a7b9_3f3b49b3326843198c964aa0f05640d1~mv2.jpg
soft power 2.jpg,media/59a7b9_a1720c37211a48db967a6f015e7f3a07~mv2.jpg
layering for comfort.jpg,media/59a7b9_30a95b998c0d424db232662b2ddd41c2~mv2.jpg
office party.jpg,media/59a7b9_86060b3cbc8643ad9f6266be72b3dea2~mv2.jpg
shareholder's meeting.jpg,media/59a7b9_e7beea38fb4a48fc8016b20b2d5ea50e~mv2.jpg
year end board meeting.jpg,media/59a7b9_4d531d11f998438abce0944bace49d1b~mv2.jpg
using colors.jpg,media/59a7b9_e161598941914edca5fc0e5e736f9418~mv2.jpg
golden year.jpg,media/59a7b9_b824630858044cfc9d7c336819593f52~mv2.jpg
dress well feel wonderful.jpg,media/59a7b9_d689ef87c29f41a78bdf3a26df878c21~mv2.jpg
party night.jpg,media/59a7b9_60d684cd1cae4e3c8802c0daf1d9f73a~mv2.jpg
merry christmas.jpg,media/59a7b9_7945fa69a66e4d8ca2c19cda22d4dfb9~mv2.jpg
expressing yourself.jpg,media/59a7b9_309528d238d74d8eae4930f4dba20ed2~mv2.jpg
winter white.jpg,media/59a7b9_a79ea25ca63044acb3d06822681b040c~mv2.jpg
holiday celebration.jpg,media/59a7b9_c6c1216dc7a0486285ec82aeafe93196~mv2.jpg
warm & bright.jpg,media/59a7b9_7d0e05a1179940a2af4b5b05ddddbf74~mv2.jpg
new year ready.jpg,media/59a7b9_4a0aab25aa57408a869a77983fdd3439~mv2.jpg
work in style.jpg,media/59a7b9_0b7785a2dd324227afba4ae937fd34e7~mv2.jpg
stylish 2018.jpg,media/59a7b9_59071c608943442a894bb81aa57e9c21~mv2.jpg
liliana's new year eve.jpg,media/59a7b9_6275be24e3f748f4b904093ebb424447~mv2.jpg
dress game.jpg,media/59a7b9_49650ca7dca248abb769f428e52821a6~mv2.jpg
it's complicated.jpg,media/59a7b9_f20cd374391d48ada33985dd19de0e98~mv2.jpg
traveling.jpg,media/59a7b9_55d41065020e43679dbe395bf6317fd1~mv2.jpg
using outfits.jpg,media/59a7b9_9c350b2f18c644b98cf992e48433db63~mv2.jpg
going to somewhere warm.jpg,media/59a7b9_1a70e1b436f14a10b7db2f375441bc02~mv2.jpg
fresh yellow.jpg,media/59a7b9_6329c53912804edf85f787caac467e00~mv2.jpg
purple & grey.jpg,media/59a7b9_bb8b2132791b42818c2a2684b33c6373~mv2.jpg
corner office.jpg,media/59a7b9_503589e824d44cfb9e0cec17d786c98c~mv2.jpg
unconventional colors matching.jpg,media/59a7b9_227ab359045b4353b8a1a0d5cfee6d7f~mv2.jpg
sunday movie.jpg,media/59a7b9_d4900d8ee6e84837a34310a72eee08f2~mv2.jpg
young 2.jpg,media/59a7b9_b4231b03eba6457fb544f05cb0cfe8e5~mv2.jpg
easy transfer.jpg,media/59a7b9_9f85ac57e4d644ffa18ddc846b01caec~mv2.jpg
self expression.jpg,media/59a7b9_5d6b7a0edbc3443fa5cfa0351ba57d36~mv2.jpg
mixed season.jpg,media/59a7b9_12947abb254c4e17ace90a293dbee948~mv2.jpg
from the airport to the business dinner.jpg,media/59a7b9_4ffb8159ed234cb3bc1d399765ce7ca2~mv2.jpg
viviana t.jpg,media/59a7b9_7350b0c14b2049ca9b4f495d5cba1786~mv2.jpg
soft autumn.jpg,media/59a7b9_698d663caaab4f849e34152839fd323e~mv2.jpg
how to wear cut-out outfit.jpg,media/59a7b9_9074e215429a49909a18d44c6695341d~mv2.jpg
too cold for work.jpg,media/59a7b9_5a2e8bb00557467b8211830655c26887~mv2.jpg
no name 5.jpg,media/59a7b9_61086b9ce6754d5a84cd8116f656a49b~mv2.jpg
the only safe ship in a storm is leadership.jpg,media/59a7b9_94ad219e725549b5bfdf54e9c5940b40~mv2.jpg
put your own spin on a classic style.jpg,media/59a7b9_5099326ac1544b16a389dcf83fcff63b~mv2.jpg
your dress should be tight enough to show.jpg,media/59a7b9_d245c1c0577c41d484e29f7f82bcc469~mv2.jpg
perfect for bonde.jpg,media/59a7b9_7997d5b768734b648a150089e4f8333b~mv2.jpg
early spring.jpg,media/59a7b9_4a581e8f69cb410da7396868d70e0809~mv2.jpg
for boyish shape.jpg,media/59a7b9_38060a63d10d4fa888215032412b1426~mv2.jpg
soft side of leather.jpg,media/59a7b9_474d08b2015c429eaa640f7865e62482~mv2.jpg
dress for occasion.jpg,media/59a7b9_45e708bfac394b8a86edfa1f00fad0e1~mv2.jpg
nothing is so strong as gentleness.jpg,media/59a7b9_d3ea3cada6bf43fabbfd2da15f4b4349~mv2.jpg
wear the right color.jpg,media/59a7b9_f3fc563e5e0a40efb8c3581dfe9703ea~mv2.jpg
you'll never get overdressed with denim.jpg,media/59a7b9_23f514ccff48437191b0cbc1c9c2f2ab~mv2.jpg
success is science.jpg,media/59a7b9_ebe9878bd83a4b2185b3e2e067694689~mv2.jpg
doing business in the weekend.jpg,media/59a7b9_0e4ab65539c649eb9343f8e07dd2a4ac~mv2.jpg
smart.jpg,media/59a7b9_b47be64b2197471ba10642cc89a06226~mv2.jpg
understand your best.jpg,media/59a7b9_93435d7f087d48c78c7af175931866a1~mv2.jpg
pleated skirt and big bow top.jpg,media/59a7b9_a821e994aba3455f8adddbdecfa18d37~mv2.jpg
young & professional.jpg,media/59a7b9_0bd6983e19d548be9c49b9cdebce21f3~mv2.jpg
how to wear denim to work.jpg,media/59a7b9_449a6a48baa449caa925880513c6c6fb~mv2.jpg
no name 4.jpg,media/59a7b9_37837982475649a9a1a8c19ce11b6be2~mv2.jpg
time to relax.jpg,media/59a7b9_d097e7a5a61f43a992daf32a55127589~mv2.jpg
no name 3.jpg,media/59a7b9_28f62e60ef8743d48b70feca60074fbe~mv2.jpg
skirt for the most body shapes.jpg,media/59a7b9_f8d4f99c988a4e5da4516d0e7af6097b~mv2.jpg
floral print for the season.jpg,media/59a7b9_749f7a6470aa4061bdaf02703e4dd323~mv2.jpg
green is the prime color in the world.jpg,media/59a7b9_6a1e39b994794e1f9abff6beafc992d8~mv2.jpg
vintage.jpg,media/59a7b9_4934cd9ce24447abaca5728351236e12~mv2.jpg
silk geometric tonic dress.jpg,media/59a7b9_83503b4a29bc429c91871066a2edc2f2~mv2.jpg
maxi.jpg,media/59a7b9_7bbb5af9dad240adb6c70bb935868bf3~mv2.jpg
the best interpretation of a dream.jpg,media/59a7b9_9c6983e140da4ea193c8a722823ae517~mv2.jpg
hour glass.jpg,media/59a7b9_ab03cbe2c4204a74bd33ed5f6cd07220~mv2.jpg
understanding your best color palette & bodyshape.jpg,media/59a7b9_8114baf9ed3f4c11ba7b3186cf0420f2~mv2.jpg
if dressing is a game.jpg,media/59a7b9_f5baab1a0ef645659536414a567e47d5~mv2.jpg
veronica's closet.jpg,media/59a7b9_4374a73e68b14a1bb708066356dabf71~mv2.jpg
federica's weekend.jpg,media/59a7b9_db2cf33a3bae44908dc929d6fe1a26d5~mv2.jpg
jill's sunday lunch.jpg,media/59a7b9_345e912264b745fc8776114de9a6507e~mv2.jpg
valeria's monday.jpg,media/59a7b9_d0101b2335a5458190d2d4e470e25ad5~mv2.jpg
productive thursday.jpg,media/59a7b9_6cc68fbb450f49e69cc8b3f2ba9769c2~mv2.jpg
flexible friday 1.jpg,media/59a7b9_4ba16be02a074ed58ed880620deb5c99~mv2.jpg
saturday brunch.jpg,media/59a7b9_7f8ba0278a0c4d2da606f400ef8b0dd4~mv2.jpg
control the boardroom.jpg,media/59a7b9_d398a4a5c3b2480a9a4c5dfa172a3c64~mv2.jpg
on duty & off duty.jpg,media/59a7b9_6598415602ce42ab949c691b8b4cbaf4~mv2.jpg
soft friday.jpg,media/59a7b9_3287a1965bcb4591b0c01b9b72c21a0a~mv2.jpg
sunday ceo.jpg,media/59a7b9_ff92920056ab4db095e5404d7dabe65d~mv2.jpg
red.jpg,media/59a7b9_2dbb22a33a6f4f8d8edcec21233a7c72~mv2.jpg
soft power.jpg,media/59a7b9_939cc213f8fd4d109ddeaeab44b64a04~mv2.jpg
sunday is young.jpg,media/59a7b9_45c30349ebef4595b361b2a684f8a241~mv2.jpg
friday green.jpg,media/59a7b9_72b94d092e1a48888b59a146610def2f~mv2.jpg
suit.jpg,media/59a7b9_d0140a9f63ec4f23ab5d4393e7ae6ca2~mv2.jpg
lady in waiting.jpg,media/59a7b9_d8591808d18b4afe95d957b620165e31~mv2.jpg
pink lady.jpg,media/59a7b9_933289eebf844293aa92f313bc3e212c~mv2.jpg
mixing textures.jpg,media/59a7b9_d94019455c3c4932ad431fca22773bdf~mv2.jpg
veronica's monday.jpg,media/59a7b9_72cd05643c2745e699c21e33dbb5eab9~mv2.jpg
camille's wednesday.jpg,media/59a7b9_05ec903df0b54eb3b8ed9e817a393691~mv2.jpg
fresh tuesday.jpg,media/59a7b9_ac18ad7b054d49d2b5b4145bcc896ddb~mv2.jpg
flexible friday.jpg,media/59a7b9_b990b71ca3bd42b998b447661e842681~mv2.jpg
spring is almost here.jpg,media/59a7b9_5fe1d069f0de4b6cbef5401550df55f1~mv2.jpg
kim's working weekend.jpg,media/59a7b9_a064ec372afe42fa95fcd914e76d7ac0~mv2.jpg
green is the futures.jpg,media/59a7b9_a40e55cf10814fcdbbfbcc54581b4e03~mv2.jpg
pam's business weekend.jpg,media/59a7b9_8f94101318a84889b8958d83954f586e~mv2.jpg
monochromatic.jpg,media/59a7b9_3d21dfa35fd14ebc8ddfdfc8c17a68e7~mv2.jpg
happy friday.jpg,media/59a7b9_95671b89206b4ea8978c32809e909c45~mv2.jpg
colorful sunday.jpg,media/59a7b9_1365500528d14018950d132096140cb3~mv2.jpg
cool & soft wednesday.jpg,media/59a7b9_15b35ed5166845f7b76854b55ecd4363~mv2.jpg
spring must have.jpg,media/59a7b9_c260568d5cd94ee1a909c020dbcfbe64~mv2.jpg
sophisticated tuesday.jpg,media/59a7b9_e45ffe13c7f440718b05725dca6713af~mv2.jpg
ella's friday.jpg,media/59a7b9_c963f7d402594ad680b5eceb6b4ff5a3~mv2.jpg
no name 2.jpg,media/59a7b9_0fd2fbbfbe2c4cd0baa9f3c6661c6287~mv2.jpg
olen's monday.jpg,media/59a7b9_3dc7a1bdf94e4dd1a1fb8fd26b96c510~mv2.jpg
first day of spring.jpg,media/59a7b9_906aa105d1904b8588f74ad3d09428e9~mv2.jpg
sophisticated susan.jpg,media/59a7b9_f0e944c9b9d6488b974a1ce676a62f63~mv2.jpg
spring in paris.jpg,media/59a7b9_962b2275c4a8495fb9e4c9b3b764edc6~mv2.jpg
fresh 1.jpg,media/59a7b9_35ab51f7cf8a4e83b3e56bb564ac8a83~mv2.jpg
pretty in pink.jpg,media/59a7b9_f317cff2e4db4d06aa0cb37a9021347d~mv2.jpg
march madness.jpg,media/59a7b9_782b24647dc148f8acc18de91a8172fd~mv2.jpg
minty.jpg,media/59a7b9_47082c81b87445d281018ef65f807326~mv2.jpg
steps to your best coloring.jpg,media/59a7b9_f8823ecf0fc64b5bac3e0ffc8feadf3b~mv2.jpg
floral prints.jpg,media/59a7b9_a39bad7046bd4e6e90604daec8ec39f8~mv2.jpg
raining day.jpg,media/59a7b9_6b1ae236610e4323a6227eec4054d390~mv2.jpg
cool alicia.jpg,media/59a7b9_77cf7b785b0e4f288925541e9bb94d82~mv2.jpg
gentle reminder.jpg,media/59a7b9_a21910403f544fa1914855faa4dcc262~mv2.jpg
positive monday.jpg,media/59a7b9_1047f2e476444abbadc60553752073f1~mv2.jpg
turtle neck with a line skirt.jpg,media/59a7b9_4e1c42a8ee8c4a46965420199dcc9324~mv2.jpg
little edgy but powerful.jpg,media/59a7b9_513d6f248f454dc59b2d6ba0ef692ae7~mv2.jpg
no name 1.jpg,media/59a7b9_cfd869bbfc5242c88c44c38e89aac407~mv2.jpg
professional 1.jpg,media/59a7b9_104c88d2eb0543e3ab2ae4ba4d14a544~mv2.jpg
young professionals 3.jpg,media/59a7b9_345d0bc726e44c549901092a0f9c7184~mv2.jpg
light color combo.jpg,media/59a7b9_58b3eabbd02d48b09b6a3ccb6c8e1ca5~mv2.jpg
denim with vest coat.jpg,media/59a7b9_a34335251ceb49e2bc9d8c98df8f0682~mv2.jpg
simple chic.jpg,media/59a7b9_8478b4dfab544cc287b1ba3c73dd233c~mv2.jpg
young professionals 2.jpg,media/59a7b9_16f0f35e787a421ca112ca23d2a0987b~mv2.jpg
warm.jpg,media/59a7b9_1ea480ca26c34eebb8f1751dd45c046a~mv2.jpg
young professinals.jpg,media/59a7b9_7565f18b343e485e9f0176852b37583a~mv2.jpg
master a date night look.jpg,media/59a7b9_5810326a4ac046099996579075e72240~mv2.jpg
dramatic.jpg,media/59a7b9_c22b703d34a74f72aeff6b2f67b47eca~mv2.jpg
warm & rich colors.jpg,media/59a7b9_a0cc4be08b204a04bf5d17c1e6e7e954~mv2.jpg
shorts in business.jpg,media/59a7b9_0cc33d3f9b6c484e929daa13033587a4~mv2.jpg
lady who lunch.jpg,media/59a7b9_2819105e73414ec9a0be7dff5b283c47~mv2.jpg
professional.jpg,media/59a7b9_103ee3656a704d5e853896c336d42286~mv2.jpg
fall outfit update.jpg,media/59a7b9_f93047b3d82041bda2e3f5d887e21553~mv2.jpg
weekend edition.jpg,media/59a7b9_ecccad3a56444cc98e8c46088bce34ef~mv2.jpg
super cool & casual.jpg,media/59a7b9_262acaa74cfb4b63b4289aa70a650243~mv2.jpg
weekend wardrobe update - casual & comfortable.jpg,media/59a7b9_088be08401a347c2afd78b0618ba6a9c~mv2.jpg
young tech professionals.jpg,media/59a7b9_5a0d3791967f42b09f4f4a0076610090~mv2.jpg
comfortably chic.jpg,media/59a7b9_f61ea13596ac477a8d803b0ba747ae8e~mv2.jpg
no name.jpg,media/59a7b9_50a7e4b9470f46a88f015cb9561e7e85~mv2.jpg
dress ing art and your are the canvas.jpg,media/59a7b9_d0c6c9f34adb4e239db05c670e464a95~mv2.jpg
maxi after work.jpg,media/59a7b9_183d1fb36fd54559a61fd2c912132218~mv2.jpg
it's as simple as black & white.jpg,media/59a7b9_bb6b5721eed940e191b18da92d96b788~mv2.jpg
spring update.jpg,media/59a7b9_1fdc284dff96406ba9e302473900b3cf~mv2.jpg
young 1.jpg,media/59a7b9_71538ad8832446d0a479d47eaa5f9e35~mv2.jpg
young.jpg,media/59a7b9_15ff387e5358406dbcbf60c86600a57d~mv2.jpg
fresh.jpg,media/59a7b9_9e15dc1e5737406aa56ee636dff208c5~mv2.jpg
formal 70.jpg,media/59a7b9_5dc76338d130446fab4112db8761ce32~mv2.jpg
formal 69.jpg,media/59a7b9_fb3a091c652e458bb3a0992ee8113362~mv2.jpg
formal 68.jpg,media/59a7b9_e5c65cc218934e228f6a4b84ded851ea~mv2.jpg
formal 67.jpg,media/59a7b9_c22f86c20b0942589df7b236b368c5b2~mv2.jpg
formal 66.jpg,media/59a7b9_9f6ac7bd85aa4544b17ff177612847b9~mv2.jpg
formal 65.jpg,media/59a7b9_49b4329096414a9a9826639b74dd434a~mv2.jpg
formal 64.jpg,media/59a7b9_598267cf95544127a56ade65f1280937~mv2.jpg
formal 63.jpg,media/59a7b9_c6f039c981d54ffb9b9d7674aa584b61~mv2.jpg
formal 62.jpg,media/59a7b9_d533d20ee3e040b29983947ac4099595~mv2.jpg
formal 61.jpg,media/59a7b9_763ee501f31548638ed1135fa437152f~mv2.jpg
formal 60.jpg,media/59a7b9_f90cef13318f42f189c8b37da0c183e7~mv2.jpg
formal 58.jpg,media/59a7b9_9d00517692644188a5750a73ee9aff0d~mv2.jpg
formal 59.jpg,media/59a7b9_ab3eb5e5cc1e455d82782434e6bd5c9a~mv2.jpg
formal 57.jpg,media/59a7b9_01160bbd19f64cb3ac2f5f3098d150ec~mv2.jpg
formal 56.jpg,media/59a7b9_98f2312d54284fa8a9fa4c8e9fa15181~mv2.jpg
formal 54.jpg,media/59a7b9_5a76c2658a9b41ca9cd1a0cca768d9e5~mv2.jpg
formal 55.jpg,media/59a7b9_21331da2935c4503ad707369e3bc8fbb~mv2.jpg
formal 52.jpg,media/59a7b9_4f20bc1101af46f5844896d17705f0c4~mv2.jpg
formal 53.jpg,media/59a7b9_d48b12a2304c4025acf2b53980454ed7~mv2.jpg
formal 51.jpg,media/59a7b9_65ce45f7d37d4f1e929dc47c261f48e6~mv2.jpg
formal 49.jpg,media/59a7b9_a5cc02783218499d93179c048992bf69~mv2.jpg
formal 48.jpg,media/59a7b9_76923e79927443468f3c5fa3fb95c124~mv2.jpg
formal 47.jpg,media/59a7b9_ef19df5dcb544445af9545dfd677b89f~mv2.jpg
formal 50.jpg,media/59a7b9_c6fce267fa804cffac6b73090eac8cbe~mv2.jpg
formal 44.jpg,media/59a7b9_fca4f47d43ed43bcbe7836ff93f900a2~mv2.jpg
formal 46.jpg,media/59a7b9_5d4a196acc3c4ee0ab80ccb797a003fa~mv2.jpg
formal 43.jpg,media/59a7b9_713b5a5f8bc94b0fb64b7cbe03756c25~mv2.jpg
formal 45.jpg,media/59a7b9_524685b525754dba8a86f6c959197b0a~mv2.jpg
formal 41.jpg,media/59a7b9_f8c352c56233455eb316ca7fee45a6c1~mv2.jpg
formal 42.jpg,media/59a7b9_6cda9b4df41f43bf845f9388c702636b~mv2.jpg
formal 40.jpg,media/59a7b9_237e4d773c624e818cc31c4f3048be66~mv2.jpg
formal 38.jpg,media/59a7b9_4164f7aaecf84e23a2625ca05f3ec320~mv2.jpg
formal 39.jpg,media/59a7b9_19ca67782c624ca8bdff14714c046867~mv2.jpg
formal 37.jpg,media/59a7b9_4def20842f1c41649d90eea3b702801d~mv2.jpg
formal 35.jpg,media/59a7b9_ddc9b64fd2d34832906fbe8e306cdaab~mv2.jpg
formal 36.jpg,media/59a7b9_0e1dcebde1974a8a9411158ae0e21fb7~mv2.jpg
formal 34.jpg,media/59a7b9_bb624fc4b26644ddbf0a4005ac072b13~mv2.jpg
formal 33.jpg,media/59a7b9_d0746bbf9a504c3bb6faacb11645e9de~mv2.jpg
formal 32.jpg,media/59a7b9_adc1737502fa46e9a52cae1b2f51e0ab~mv2.jpg
formal 31.jpg,media/59a7b9_b87cb9a69c9c454791a8e07aa4d28399~mv2.jpg
formal 30.jpg,media/59a7b9_cb5abef073a34e4db0350acce8fb8129~mv2.jpg
formal 29.jpg,media/59a7b9_60d60f2d800f4e83bc9a533f34fd6806~mv2.jpg
formal 25.jpg,media/59a7b9_753ae4e51bf142d3ac9ba2ef6dfad12c~mv2.jpg
formal 28.jpg,media/59a7b9_4791288dd83d479abe774bd156bd1330~mv2.jpg
formal 26.jpg,media/59a7b9_d5ccbefc2bd845bc866059d814c61a72~mv2.jpg
formal 27.jpg,media/59a7b9_b3a661c143a9498da347660e49281f2c~mv2.jpg
formal 24.jpg,media/59a7b9_c5d2193432d34a418f2050b5a029547f~mv2.jpg
formal 22.jpg,media/59a7b9_f7d374f4cd4d46df984974f57a55de4c~mv2.jpg
formal 23.jpg,media/59a7b9_0b50041991f64645a2b42b4886fac65d~mv2.jpg
formal 21.jpg,media/59a7b9_e8f8227835b0469b9465f0c86bc0ffc5~mv2.jpg
formal 20.jpg,media/59a7b9_fb103704a67a46e38fd05e85108852c5~mv2.jpg
formal 19.jpg,media/59a7b9_255632d038304a74ac5a6e9fe260fb41~mv2.jpg
formal 18.jpg,media/59a7b9_ac6783f4a0394b3eae2d6ce8d3a16e83~mv2.jpg
formal 17.jpg,media/59a7b9_5f052f8c6af14ad49f2b542faf9e0681~mv2.jpg
formal 15.jpg,media/59a7b9_bae765a3cb934e33871382e1e394a39b~mv2.jpg
formal 16.jpg,media/59a7b9_6e1026989990416288b212011acac923~mv2.jpg
formal 14.jpg,media/59a7b9_fa62356f9174407699e4c5f3018ff1db~mv2.jpg
formal 13.jpg,media/59a7b9_c7b11a1d67ea4c219419555cfa265814~mv2.jpg
formal 10.jpg,media/59a7b9_ffa60e5c796b4bde86514c60c877084e~mv2.jpg
formal 11.jpg,media/59a7b9_4cf63406d09f40d991e10e62be357da8~mv2.jpg
formal 12.jpg,media/59a7b9_06f4ea1c57544aa08741dc8619b12bf8~mv2.jpg
formal 9.jpg,media/59a7b9_1d728f3876e04e7cb64304f0580a4e3f~mv2.jpg
formal 5.jpg,media/59a7b9_c31d51c85c784e8ca84a448001960ee5~mv2.jpg
formal 7.jpg,media/59a7b9_9ac1cb73060c4647b5be404543e19a84~mv2.jpg
formal 8.jpg,media/59a7b9_3e8093a44ffe48888910572d2f04ec63~mv2.jpg
formal 6.jpg,media/59a7b9_4ff7ed4a087e444abe27b192108f2661~mv2.jpg
formal 3.jpg,media/59a7b9_f636c8cbc70b448cb6809dddfa2a04dc~mv2.jpg
formal 4.jpg,media/59a7b9_235df1b55f9a40cc92817cb4a5d55619~mv2.jpg
formal 2.jpg,media/59a7b9_08e139cd3bf6488b95849b903640216a~mv2.jpg
formal 1.jpg,media/59a7b9_b75f205a42614cee84aa3d0883165b05~mv2.jpg
outfit 20.jpeg,media/59a7b9_8774251ce1e0452089c7383a7fdb9c05~mv2.jpeg
outfit 221.jpg,media/59a7b9_58e1f3f3335643d9ade75a6b1ccaa0d1~mv2.jpg
outfit 222.jpeg,media/59a7b9_e579a89ab95d408eba95316587b89c64~mv2.jpeg
outfit 219.jpeg,media/59a7b9_71daca0966004a5ba3809f37649256b3~mv2.jpeg
outfit 223.jpeg,media/59a7b9_f0593072795a45718875bda8ca5489c9~mv2.jpeg
outfit 220.jpeg,media/59a7b9_6b2b5776774d492aa88222e0dffced24~mv2.jpeg
outfit 216.jpeg,media/59a7b9_90ba2cc9e4a44ad284f821fa25cebde4~mv2.jpeg
outfit 217.jpeg,media/59a7b9_197210ff6854456d9f71ad044efeeaae~mv2.jpeg
outfit 215.jpeg,media/59a7b9_318a0fb3d16645ebb11a843d3eb71217~mv2.jpeg
outfit 218.jpeg,media/59a7b9_dc53a345b5c8486fa4fe226e90b39e0d~mv2.jpeg
outfit 212.jpeg,media/59a7b9_a1d1f15330ef4ac3a75f8e5e96b38cc4~mv2.jpeg
outfit 214.jpeg,media/59a7b9_e5dae6bf85c341ee81312f71d43cad0d~mv2.jpeg
outfit 213.jpeg,media/59a7b9_b51bc81caeb743688c0c6a7dc42a75dd~mv2.jpeg
outfit 211.png,media/59a7b9_bb82a20dddbd4b34ad74f3e86f73028c~mv2.png
outfit 210.jpeg,media/59a7b9_12a7ca52f6314f568e46687cb159ab0a~mv2.jpeg
outfit 209.jpeg,media/59a7b9_50c8ab8b2cf34c9e931602b77e45efda~mv2.jpeg
outfit 208.jpeg,media/59a7b9_7a640ac515da4e1f94d78bf97a045b16~mv2.jpeg
outfit 206.jpeg,media/59a7b9_b7078a084d7145dcbcbeabe18cd7568e~mv2.jpeg
outfit 207.jpeg,media/59a7b9_36c102f8db2f4fcd97333c7f7f6c59a2~mv2.jpeg
outfit 204.jpeg,media/59a7b9_1496f0853baf4f6fa16f33d52442a2d4~mv2.jpeg
outfit 205.jpeg,media/59a7b9_39e69663e7dd41d39c447452c291b3c0~mv2.jpeg
outfit 203.jpeg,media/59a7b9_7b5bc3bf036142948b2a1117207e4755~mv2.jpeg
outfit 202.jpeg,media/59a7b9_5fcce31f2c5c4e8dac0c303836d3d36d~mv2.jpeg
outfit 201.jpeg,media/59a7b9_e3ddb37491dc456b802872e7ca1c6404~mv2.jpeg
outfit 199.jpeg,media/59a7b9_f9aa640e38794e68afdba5b97d282ee7~mv2.jpeg
outfit 200.jpeg,media/59a7b9_629db9fad3bb43a49984474778d2c111~mv2.jpeg
outfit 197.jpeg,media/59a7b9_548012f3be754307a99230bc31316393~mv2.jpeg
outfit 196.jpeg,media/59a7b9_10b4ed5cfdb74777a04d960e429a9076~mv2.jpeg
outfit 198.jpeg,media/59a7b9_39dccfb84642498d931b6d2d507bd23a~mv2.jpeg
outfit 195.jpeg,media/59a7b9_37563f28eb224e6fb548cf8c8f4434bc~mv2.jpeg
outfit 193.jpeg,media/59a7b9_36b4e7f85ac44227999d36cb376d65e1~mv2.jpeg
outfit 194.jpeg,media/59a7b9_dacd4a67e7b1480294f383db22ea72a8~mv2.jpeg
outfit 192.jpeg,media/59a7b9_e14544251bbc4d40a47f1e04f3c74f60~mv2.jpeg
outfit 191.jpeg,media/59a7b9_250734efef1a4f80a14b70f5f0e6729a~mv2.jpeg
outfit 190.jpeg,media/59a7b9_bccf3ffdd99341b7ae4be1d11deeef41~mv2.jpeg
outfit 188.jpeg,media/59a7b9_f2081fd6451b4f59b66e76de6a6a4800~mv2.jpeg
outfit 189.jpeg,media/59a7b9_93a9fda657f74f1e8f31e9a28d3a1649~mv2.jpeg
outfit 186.jpeg,media/59a7b9_03bb640dd2024674b693f1dbdd8e9d52~mv2.jpeg
outfit 185.jpeg,media/59a7b9_b56b780136ca4d18941456a07675b616~mv2.jpeg
outfit 187.jpeg,media/59a7b9_cccdb118e5b84ab2bc54b4d4851225be~mv2.jpeg
outfit 184.jpeg,media/59a7b9_d85e4cc72b214294a1391e38682a61be~mv2.jpeg
outfit 181.jpeg,media/59a7b9_78b3ce0325374707a30b68f5844fcdcb~mv2.jpeg
outfit 182.jpeg,media/59a7b9_9a77d002712841009147d05c31a94d02~mv2.jpeg
outfit 183.jpeg,media/59a7b9_5425b01f5bae4b0ab2c78d9f5fd5cdf1~mv2.jpeg
outfit 179.jpeg,media/59a7b9_0f37cf02eb2a4ce7af85334550de0339~mv2.jpeg
outfit 180.jpeg,media/59a7b9_2d191e2ff0dc42eeba2970ded2c53ec3~mv2.jpeg
outfit 178.jpeg,media/59a7b9_a5b90513b428498ca9d87274ac85c3c0~mv2.jpeg
outfit 177.jpeg,media/59a7b9_632e6f4574ec4bb2b7b6ed1a378e4f7d~mv2.jpeg
outfit 176.jpeg,media/59a7b9_8cfe85400eaf46d5893fd9dca8f714a4~mv2.jpeg
outfit 175.jpeg,media/59a7b9_bf4f23fd42294c3fa0d4226dc9442858~mv2.jpeg
outfit 174.jpeg,media/59a7b9_c139055cd3fb4b74b4dd3267e049114d~mv2.jpeg
outfit 172.jpeg,media/59a7b9_27ccf84e362f46549ccd99de706b3da0~mv2.jpeg
outfit 173.jpeg,media/59a7b9_ea5bd4fd0163444b98f3329aa306eedf~mv2.jpeg
outfit 170.jpeg,media/59a7b9_6008ac0ef49d45359ec823e832c9ea6c~mv2.jpeg
outfit 171.png,media/59a7b9_cb849b49b0f74e5f903c85ef86427bfd~mv2.png
outfit 169.png,media/59a7b9_7bb65ada1fef4dcb94e1c9caf1adca96~mv2.png
outfit 167.jpeg,media/59a7b9_87e0238e955846d49fb24bab91ab7d74~mv2.jpeg
outfit 168.jpeg,media/59a7b9_a7eebba65917444693e0ef4cf3bc9a87~mv2.jpeg
outfit 166.jpeg,media/59a7b9_5567e8bc44e44de0b76add3a62efe3c5~mv2.jpeg
outfit 165.jpeg,media/59a7b9_0b438bc187ff4e17889d6869322ccfd9~mv2.jpeg
outfit 164.jpeg,media/59a7b9_f545f5927bb749edbb2a97ac2a0645f5~mv2.jpeg
outfit 162.jpeg,media/59a7b9_ed0a276e21f240c288bc1aad0999167f~mv2.jpeg
outfit 163.png,media/59a7b9_7c2f7d5bc1914fa2b12f329131564562~mv2.png
outfit 161.jpeg,media/59a7b9_f25e0e7005ee4714858c253ec76c92f5~mv2.jpeg
outfit 159.jpeg,media/59a7b9_599c8b4c5e6244efafda0738c2ea1655~mv2.jpeg
outfit 160.jpeg,media/59a7b9_8460a5aef2184827a52ff2e155d8da76~mv2.jpeg
outfit 157.jpeg,media/59a7b9_c150ea14e607467eba0b550935416aa3~mv2.jpeg
outfit 158.jpeg,media/59a7b9_a010e70b7903406bb3cd3c6020113757~mv2.jpeg
outfit 156.jpeg,media/59a7b9_4d2588839d00456db3bec9f1ebbd9c4d~mv2.jpeg
outfit 155.jpeg,media/59a7b9_60f0060b4dd84ba284e3317b1e9c7cca~mv2.jpeg
outfit 154.jpeg,media/59a7b9_22500b5f658d45849e30960bad8e62df~mv2.jpeg
outfit 153.jpeg,media/59a7b9_67c38d1d39d14017934479eddca41e33~mv2.jpeg
outfit 152.jpeg,media/59a7b9_2431811bb8df44e2ad5b49e119fd6a1f~mv2.jpeg
outfit 151.jpeg,media/59a7b9_bc7d1d183b54413487f393a769bb40f9~mv2.jpeg
outfit 150.jpeg,media/59a7b9_967c407e0fa94fafa5a5f6bf72b64478~mv2.jpeg
outfit 149.jpeg,media/59a7b9_b84fbb72c3b34004bd05ce3f9effff2e~mv2.jpeg
outfit 148.jpeg,media/59a7b9_5e30e374fcde419c8a2515bf3d71341e~mv2.jpeg
outfit 147.jpeg,media/59a7b9_598c8f3bed284e05bfbefd113927eada~mv2.jpeg
outfit 146.jpeg,media/59a7b9_3c3c895799d44352afa1b785568fba54~mv2.jpeg
outfit 143.jpeg,media/59a7b9_02c60f04a7da4fd696f1b828b4b1f82d~mv2.jpeg
outfit 145.jpeg,media/59a7b9_dfb246920865441d83653e40d0c540cc~mv2.jpeg
outfit 144.jpeg,media/59a7b9_3ba799ec14cc49aa9f8087d607f3ebfd~mv2.jpeg
outfit 142.jpeg,media/59a7b9_f73f0fba8899473c83f0dfb291b82003~mv2.jpeg
outfit 140.jpeg,media/59a7b9_a0aaadcbbdab484f9a7e26f467467732~mv2.jpeg
outfit 139.jpeg,media/59a7b9_d668250dac6740fc9953ada7bbd26e39~mv2.jpeg
outfit 138.jpeg,media/59a7b9_528fdcd004a6422fa4163e90e1554d80~mv2.jpeg
outfit 141.jpeg,media/59a7b9_dde8d05a151247d0b80b4ab46097c29a~mv2.jpeg
outfit 136.jpeg,media/59a7b9_f83eec7b73f34281ac7462c77cf171a4~mv2.jpeg
outfit 137.jpeg,media/59a7b9_e72cf570d6674fd1b6653451f2bdcb8f~mv2.jpeg
outfit 135.jpeg,media/59a7b9_f4839833b84e461fb6c6ce1aa3cf1845~mv2.jpeg
outfit 134.jpeg,media/59a7b9_7894f91370ab4622b8b7caed5d55b4c5~mv2.jpeg
outfit 132.jpeg,media/59a7b9_6af0c2a27b7a47deb752045cc0cf2430~mv2.jpeg
outfit 131.jpeg,media/59a7b9_81bc70d5c9fd40218266d38ac980a25f~mv2.jpeg
outfit 133.jpeg,media/59a7b9_37d1ecc820924914934fa17dd580ae30~mv2.jpeg
outfit 130.jpeg,media/59a7b9_2bec026eaab045d78b335c06849557b8~mv2.jpeg
outfit 128.jpeg,media/59a7b9_7bc544f4c73d42688b4ded3a53bc8438~mv2.jpeg
outfit 129.jpeg,media/59a7b9_a99a88de1d94471d9ad163e7c3939165~mv2.jpeg
outfit 127.jpeg,media/59a7b9_b856bd115ebc49efa0d042a784015b54~mv2.jpeg
outfit 126.jpeg,media/59a7b9_0523e8f6012747fbb70f75cefdbeaebc~mv2.jpeg
outfit 123.jpeg,media/59a7b9_310b7a54e56740d59de768b3b59548ce~mv2.jpeg
outfit 125.jpeg,media/59a7b9_f90bfed28c7b4403b0fd95bb387a9260~mv2.jpeg
outfit 124.jpeg,media/59a7b9_1e4718f5ba4844b99a6384c8ea5410fa~mv2.jpeg
outfit 122.jpeg,media/59a7b9_b67f53a7b5264a8c9dda6403a36b27e2~mv2.jpeg
outfit 116.jpeg,media/59a7b9_b2804b474cda457b9bd5815c20b8fcb1~mv2.jpeg
outfit 121.jpeg,media/59a7b9_5baf82e1043e4f48a4d09747e5758b6e~mv2.jpeg
outfit 120.jpeg,media/59a7b9_92c1a5a4d5624698bfcd4dafea0b30b1~mv2.jpeg
outfit 119.jpeg,media/59a7b9_0bcc1c2f2f924739863020422f9ffc29~mv2.jpeg
outfit 117.jpeg,media/59a7b9_b72a122d3bed416cb9bb4d269fed9f8d~mv2.jpeg
outfit 118.jpeg,media/59a7b9_46a8ac1335c74ebdbea89f33291d70d9~mv2.jpeg
outfit 113.jpeg,media/59a7b9_50902b08068d49ab8a5495872526c97d~mv2.jpeg
outfit 114.jpeg,media/59a7b9_e5861c076e214d09be1a5c39fc2ce96e~mv2.jpeg
outfit 115.jpeg,media/59a7b9_89169d3083674bb88c98ce7bc12cf78b~mv2.jpeg
outfit 112.jpeg,media/59a7b9_6d0204403885447ebd14def1c8ca18b6~mv2.jpeg
outfit 111.jpeg,media/59a7b9_e0ec9e33581441aca41af0714db7575e~mv2.jpeg
outfit 110.jpeg,media/59a7b9_f0c9b5c0a03446e1ad25bb415edc2faf~mv2.jpeg
outfit 109.jpeg,media/59a7b9_b1c9bfcfbec54d82b6bcc64c36338cca~mv2.jpeg
outfit 108.jpeg,media/59a7b9_e99ddd8499f247e7acc5d78769b4544a~mv2.jpeg
outfit 107.jpeg,media/59a7b9_8bd753eb37184821b452de2d47af5128~mv2.jpeg
outfit 106.jpeg,media/59a7b9_4d5b997a914d49f5a97ffc91d4d950f1~mv2.jpeg
outfit 105.jpeg,media/59a7b9_f35e7d2a66f448ccaf6d79f57f83b591~mv2.jpeg
outfit 104.jpeg,media/59a7b9_2d8b1d36a87a4009bbec6fe39a1fe382~mv2.jpeg
outfit 103.jpeg,media/59a7b9_e8dda915b15f4f578d661126f638921c~mv2.jpeg
outfit 101.jpeg,media/59a7b9_d1481050c03b4ac4a9dab98add5b3a6f~mv2.jpeg
outfit 102.jpeg,media/59a7b9_bad8ff5b6eb6441f92abee3f54d574ca~mv2.jpeg
outfit 100.png,media/59a7b9_efe410c7ffea45e482204ce09c9525d2~mv2.png
outfit 99.jpeg,media/59a7b9_8a7a03d8daa747e98d2847989e40a935~mv2.jpeg
outfit 97.jpeg,media/59a7b9_8befeaf1360943bbb20b0ca5e21e8511~mv2.jpeg
outfit 96.jpeg,media/59a7b9_c1a1bf9646e6477391572d19d4f5c57f~mv2.jpeg
outfit 98.jpeg,media/59a7b9_30ae7e1b412940fb9cccc786c2bfaecc~mv2.jpeg
outfit 95.jpeg,media/59a7b9_59abf3aa6f854b1c92d74f90532a8ffe~mv2.jpeg
outfit 94.jpeg,media/59a7b9_920e07128e264691afbafaed8a30896e~mv2.jpeg
outfit 92.jpeg,media/59a7b9_1c2d525bb0f549e2be218e53ed7f4150~mv2.jpeg
outfit 91.jpeg,media/59a7b9_b3364ddfaf7e4892870157fd7b6f0294~mv2.jpeg
outfit 93.jpeg,media/59a7b9_153efac6b4744b03b40ee8aebe060900~mv2.jpeg
outfit 90.jpeg,media/59a7b9_859df3c77b5c44ebb89fe3974fbfc4e5~mv2.jpeg
outfit 89.jpeg,media/59a7b9_c450bb7d28124648b9481112ea27a513~mv2.jpeg
outfit 87.jpeg,media/59a7b9_5856c937caa145838cc2dea4ae3aebfe~mv2.jpeg
outfit 86.jpeg,media/59a7b9_28d5875497ef427bbb3b774f3e26dc50~mv2.jpeg
outfit 88.jpeg,media/59a7b9_68deb0c685d3491e83bd26b82b17c9d9~mv2.jpeg
outfit 85.jpeg,media/59a7b9_84066b05911540548afe24ec726db9c8~mv2.jpeg
outfit 83.png,media/59a7b9_49ce9fc7dfed4fdebe425ee4e22efd58~mv2.png
outfit 84.jpeg,media/59a7b9_6419a7d46c584f89b0e4397ce72a385d~mv2.jpeg
outfit 82.jpeg,media/59a7b9_64f2b243491e49babee9d1f12198ce8d~mv2.jpeg
outfit 80.jpeg,media/59a7b9_2a56815e49b4494ea476e1aeec307a69~mv2.jpeg
outfit 81.jpeg,media/59a7b9_b2f2ef2c5ce34deeab8d4b4178d8c7b1~mv2.jpeg
outfit 79.jpeg,media/59a7b9_8fccafa631d94f01b056ea62fc237d25~mv2.jpeg
outfit 78.jpeg,media/59a7b9_8971023fb9614ab18318856bce8bb9e7~mv2.jpeg
outfit 2.jpeg,media/59a7b9_26a3e7b7787b4924a4c1a35bdc86ef4d~mv2.jpeg
outfit 76.jpeg,media/59a7b9_c41a842e3de74aab8aa00444a685de96~mv2.jpeg
outfit 77.png,media/59a7b9_4cae437464194a0a9fbfd7533a064cd8~mv2.png
outfit 75.jpeg,media/59a7b9_a54ac2b1983d4d279e6a74ef2954b347~mv2.jpeg
outfit 73.jpeg,media/59a7b9_f8cec48a1f164d5092a48c141f446e75~mv2.jpeg
outfit 74.jpeg,media/59a7b9_0751c6b0958845d494a5d4738144c4b2~mv2.jpeg
outfit 72.jpeg,media/59a7b9_44979ef3d9bb4dc9abf1afd0a51b0cd8~mv2.jpeg
outfit 71.jpeg,media/59a7b9_24c710f7f7164c2f9900277ffcc262eb~mv2.jpeg
outfit 68.jpeg,media/59a7b9_6957d53f370b4030b97996bd60e31d99~mv2.jpeg
outfit 69.jpeg,media/59a7b9_fcaae32c51f84a349191ba172282fc51~mv2.jpeg
outfit 70.jpeg,media/59a7b9_44d00517b3e34b5ba38bf660cbdf70c4~mv2.jpeg
outfit 67.jpeg,media/59a7b9_63574bb4b03742ecbb946898f83a6bef~mv2.jpeg
outfit 66.jpeg,media/59a7b9_15d571fb6a1c440cb9078186d2cec7ac~mv2.jpeg
outfit 62.jpeg,media/59a7b9_a06523ddcc2b44c4b7d23e8096780c3f~mv2.jpeg
outfit 65.jpeg,media/59a7b9_76f6f5f5d38844e5b6ab0afa16025ef3~mv2.jpeg
outfit 64.png,media/59a7b9_f918fed68dc34ad9b265142f1a1d27a7~mv2.png
outfit 63.jpeg,media/59a7b9_888323393971446a84d26f2d01a5a69a~mv2.jpeg
outfit 60.jpeg,media/59a7b9_58b6d23e3c9f4eb7b7dc2185732652ec~mv2.jpeg
outfit 61.jpeg,media/59a7b9_13c2a536d2fa48409ab294dd5e14a9cf~mv2.jpeg
outfit 57.jpeg,media/59a7b9_df5465a48e6a46ab8622f64cde0e92c1~mv2.jpeg
outfit 59.jpeg,media/59a7b9_830bd6cbcbae44feb4145008b9e62c28~mv2.jpeg
outfit 58.jpeg,media/59a7b9_7ac57c04300a4bb7a5447a2b45b7b53d~mv2.jpeg
outfit 54.jpeg,media/59a7b9_fd0bb88faea1413596b3b4213f959bb2~mv2.jpeg
outfit 56.png,media/59a7b9_d08187afa3e3420abdfd77d20102e64a~mv2.png
outfit 55.jpeg,media/59a7b9_d58b114136084df2aa24a4cc2bfa2b3a~mv2.jpeg
outfit 52.jpeg,media/59a7b9_fe23896aaf9145538c4375bcd992f3cc~mv2.jpeg
outfit 53.jpeg,media/59a7b9_392d54de36014cd9ab475fbe5d7b2993~mv2.jpeg
outfit 51.jpeg,media/59a7b9_875010f1dc0b497baebd20316463ad74~mv2.jpeg
outfit 48.jpeg,media/59a7b9_d360093b809f409aaabbe37bcf436a52~mv2.jpeg
outfit 50.jpeg,media/59a7b9_cc30654514944126b14e6bd4ddb481ad~mv2.jpeg
outfit 49.png,media/59a7b9_6950d3a5b6c04679b463dce5329f13bd~mv2.png
outfit 46.jpeg,media/59a7b9_2f2172d1eb8547839c17f5d9b36f8b2b~mv2.jpeg
outfit 47.jpeg,media/59a7b9_48cf232693d84f80bddd159b6cf49c76~mv2.jpeg
outfit 45.jpeg,media/59a7b9_7aae4ec3046648faa713c15ecd8771dc~mv2.jpeg
outfit 44.jpeg,media/59a7b9_1c7f619cab2b430db92e9eb305778ead~mv2.jpeg
outfit 43.jpeg,media/59a7b9_2103037164e24c71ba0dae83cc5c7c6a~mv2.jpeg
outfit 42.jpeg,media/59a7b9_6e27ebc38baa497299332f2d7df483f6~mv2.jpeg
outfit 41.jpeg,media/59a7b9_d4d45c075074457e8ddae8fddb53923e~mv2.jpeg
outfit 40.png,media/59a7b9_2ae6f3a282d04c94a19cf9253bb07813~mv2.png
outfit 39.jpeg,media/59a7b9_8296f6905b2549278e2b8ff7ff7101a3~mv2.jpeg
outfit 38.jpeg,media/59a7b9_01bf0c695eed4555b9e145c3774abf70~mv2.jpeg
outfit 37.jpeg,media/59a7b9_ad8532f0db684ac092627e58eff5d931~mv2.jpeg
outfit 36.jpeg,media/59a7b9_e3f0fad6c3fd4c0ebfd6b8911a05aa42~mv2.jpeg
outfit 34.jpeg,media/59a7b9_ac32b32e0f3f431295a0618c2b33d02a~mv2.jpeg
outfit 35.jpeg,media/59a7b9_be5a222b429a4f40b3e2cdde2e977757~mv2.jpeg
outfit 33.jpeg,media/59a7b9_4e5a512e173f4e1094f6a6fde945e3cd~mv2.jpeg
outfit 32.jpeg,media/59a7b9_29904b79eabc4161a418d9fa74fad0f1~mv2.jpeg
outfit 31.png,media/59a7b9_40fc4cc5a6c04dea9b60a46cb0afc567~mv2.png
outfit 30.jpeg,media/59a7b9_e7c476aee6b4416eb08a3bedd5384430~mv2.jpeg
outfit 28.jpeg,media/59a7b9_b9dfcd61c3d740b5ad02da4aafc9502b~mv2.jpeg
outfit 29.png,media/59a7b9_f6ad7a2bd06a4a579d2265a02a5d7566~mv2.png
outfit 27.jpeg,media/59a7b9_7d843885d4b54f09b080d3026cd91ef5~mv2.jpeg
outfit 26.jpeg,media/59a7b9_2c7d22cc95a44a78b5caeb67b603c542~mv2.jpeg
outfit 25.jpeg,media/59a7b9_e109d9e148ff4fcc8e720a6e37b27387~mv2.jpeg
outfit 22.jpeg,media/59a7b9_df376238abb04e90875cfe26dc9bb6e3~mv2.jpeg
outfit 24.jpeg,media/59a7b9_3bc8386754ad46b8a48cee68d8522835~mv2.jpeg
outfit 21.jpeg,media/59a7b9_65534879050f453cbd6b7e8f1868e9f3~mv2.jpeg
outfit 23.jpeg,media/59a7b9_21da65dcec214f829cc26367dde2b45a~mv2.jpeg
outfit 19.jpeg,media/59a7b9_da3749a4f2044a28a0e9ea30c433befa~mv2.jpeg
outfit 16.jpeg,media/59a7b9_6c793d28bbb34fa4a53dd42a4643e19b~mv2.jpeg
outfit 18.jpeg,media/59a7b9_8c9ff44546b94bcc9da7435e26dccba8~mv2.jpeg
outfit 17.jpeg,media/59a7b9_864fd171b31f4a929de95f80649fb838~mv2.jpeg
outfit 15.jpeg,media/59a7b9_d2fcfea61dcc4df999d02887961a8003~mv2.jpeg
outfit 12.jpeg,media/59a7b9_7b31fb7e7f6b4590b583f17e3b50d814~mv2.jpeg
outfit 11.jpeg,media/59a7b9_bbaac5ce2df740eb8855b47940912fef~mv2.jpeg
outfit 14.jpeg,media/59a7b9_ca5fa36bc35e440192f6ee30d12daafb~mv2.jpeg
outfit 13.jpeg,media/59a7b9_4499aa5c42d44ae9b686571b538574f3~mv2.jpeg
outfit 10.jpeg,media/59a7b9_bbb72697af2746f686fd074c9f1b4536~mv2.jpeg
outfit 8.jpeg,media/59a7b9_790aa6f19eea45a1944d35dddf77f8e5~mv2.jpeg
outfit 6.jpeg,media/59a7b9_923a8fcec048401d8ad0e221a47d9ad8~mv2.jpeg
outfit 9.jpeg,media/59a7b9_56124e43b72343a9af31d26c4d1e09a0~mv2.jpeg
outfit 7.jpeg,media/59a7b9_a1801dd6cc7d42339da7cd350e956f27~mv2.jpeg
outfit 3.jpeg,media/59a7b9_e7b04831234e485cad05895e31adb3de~mv2.jpeg
outfit 4.jpeg,media/59a7b9_de4ad5217e8243bcbdebc20e5152b7a2~mv2.jpeg
outfit 5.jpeg,media/59a7b9_f404f380916f412689f9be5f3afa0321~mv2.jpeg
outfit 1.jpeg,media/59a7b9_23d21d66c8da4ffa833e462919b83ec0~mv2.jpeg
curvy lady 77.jpg,media/59a7b9_7f8a80a93815440cb9fcfda8ee83e153~mv2.jpg
curvy lady 75.jpg,media/59a7b9_7e2c4bf6242c4590a4bcf2359f74e3e3~mv2.jpg
curvy lady 76.jpg,media/59a7b9_a304d4717079468d9866ee750441c75f~mv2.jpg
curvy lady 26.jpg,media/59a7b9_80f3f5958dc64346956fead191415c24~mv2.jpg
curvy lady 74.jpeg,media/59a7b9_0ebe795bee9c41c4bc01f4d1f28e9f67~mv2.jpeg
curvy lady 72.jpeg,media/59a7b9_bcb6ba98bdb34f8e8592f8aabc385908~mv2.jpeg
curvy lady 73.jpeg,media/59a7b9_5f74f5edd2324cabbd61ecc9e21d8d3a~mv2.jpeg
curvy lady 71.jpeg,media/59a7b9_652917ae23e848aa95597f04d89cb09c~mv2.jpeg
curvy lady 70.jpg,media/59a7b9_c4340716653a49938c0c5b7a5d8957d5~mv2.jpg
curvy lady 69.jpg,media/59a7b9_050116bfe7974fa5bd4e70dbf3269561~mv2.jpg
curvy lady 67.jpg,media/59a7b9_c879d75b2dc9414d929cdad20747daf5~mv2.jpg
curvy lady 68.jpg,media/59a7b9_1799d5949bd442f5a04afcaa84ecb2ea~mv2.jpg
curvy lady 65.jpg,media/59a7b9_871350c9b8ec4d5bb4308d76d37eb0d7~mv2.jpg
curvy lady 64.jpg,media/59a7b9_78bd53def5bf4e9591a9a72dcd67068e~mv2.jpg
curvy lady 66.jpg,media/59a7b9_a0d6f808a79548e69e9a6b8bd6ad5ef0~mv2.jpg
curvy lady 63.jpg,media/59a7b9_35a3af74df554fc788c3fe1e5c949a63~mv2.jpg
curvy lady 62.jpg,media/59a7b9_cc651cd890614088b2e0d9f7ac133c3c~mv2.jpg
curvy lady 61.jpg,media/59a7b9_b647d4600ed146d68afb13165497af93~mv2.jpg
curvy lady 60.jpg,media/59a7b9_07a16dc8442047b99e4c7f9d85280aaf~mv2.jpg
curvy lady 59.jpg,media/59a7b9_62986031b63b4e039aab77f3366aa7f0~mv2.jpg
curvy lady 58.jpg,media/59a7b9_aed1ca089b864f61907df06cb2b07bd6~mv2.jpg
curvy lady 57.jpg,media/59a7b9_2fdd74004134400898d78c40093a8833~mv2.jpg
curvy lady 56.jpg,media/59a7b9_032cd72ae95a4c66b633c89c672ed602~mv2.jpg
curvy lady 55.jpg,media/59a7b9_77c1ccc2e0654a99a4e591e0c7e80a4f~mv2.jpg
curvy lady 54.jpg,media/59a7b9_7f965bd33221404ca23b56c2737c5261~mv2.jpg
curvy lady 53.jpg,media/59a7b9_34417e07379348679e9ff5cd165b57cb~mv2.jpg
curvy lady 52.jpg,media/59a7b9_a3faec5992a94b07ac34915c156692c3~mv2.jpg
curvy lady 51.jpg,media/59a7b9_d7ff5c53a3fa49569d4f6e259c45f790~mv2.jpg
curvy lady 50.jpg,media/59a7b9_146bab5d78234a7d86f6e3b663409613~mv2.jpg
curvy lady 49.jpg,media/59a7b9_933d5f8ee18749978a382ab1a789cb3b~mv2.jpg
curvy lady 48.jpg,media/59a7b9_07ee4ea692564c798d6b3489ef217af1~mv2.jpg
curvy lady 47.jpg,media/59a7b9_0890921d08d840a291cd898e6ad1396a~mv2.jpg
curvy lady 46.jpg,media/59a7b9_4c6920d38f5e4f38a4aaf9319e2a908b~mv2.jpg
curvy lady 45.jpg,media/59a7b9_f8084572c4b547979551171fecf933ab~mv2.jpg
curvy lady 44.jpg,media/59a7b9_192e2e2a4fd2474782ba062debb4cdf5~mv2.jpg
curvy lady 43.jpg,media/59a7b9_d6fd741541834ea1aba8cee3cbabada8~mv2.jpg
curvy lady 42.jpg,media/59a7b9_f6e4f490d5e74a668aa024badae5c9e8~mv2.jpg
curvy lady 40.jpg,media/59a7b9_ec80e05bc4c04bb5b7628295cb5b2d1e~mv2.jpg
curvy lady 41.jpg,media/59a7b9_19df5637e8224d1fb27ff327a7a417d0~mv2.jpg
curvy lady 39.jpg,media/59a7b9_ed5f441651c442e188551f9d095087b0~mv2.jpg
curvy lady 38.jpg,media/59a7b9_5c1b9c24da3e497bb626b4f5f115c0e8~mv2.jpg
curvy lady 36.jpg,media/59a7b9_47c687ce77c147e690a0ba672420a7a7~mv2.jpg
curvy lady 37.jpg,media/59a7b9_c04521fe97ec4be68c382bba33c2651c~mv2.jpg
curvy lady 35.jpg,media/59a7b9_9b22ac5d409046dca9d402e6dd3851b8~mv2.jpg
curvy lady 33.jpg,media/59a7b9_ab4d2fa0b9d944fda1eddfc3a15a8487~mv2.jpg
curvy lady 34.jpg,media/59a7b9_e15f6a78cb77433ba0a52813292d9e5f~mv2.jpg
curvy lady 32.jpg,media/59a7b9_a501236c2caa4ba2955ecbed951694c9~mv2.jpg
curvy lady 31.jpg,media/59a7b9_e5d7460665944a70b5f3251fb02c828b~mv2.jpg
curvy lady 30.jpg,media/59a7b9_9898967b05c742e18e0613299afd6e2e~mv2.jpg
curvy lady 29.jpg,media/59a7b9_b878d2befcc94ea6a9cf21883479c874~mv2.jpg
curvy lady 28.jpg,media/59a7b9_3cb6f2606419400293e0e4f78f4c3610~mv2.jpg
curvy lady 27.jpg,media/59a7b9_e79d5759f45e475ba22efef3a61e4f63~mv2.jpg
curvy lady 23.jpg,media/59a7b9_4f4372a0d6564f4c89cf7efec19257be~mv2.jpg
curvy lady 25.jpg,media/59a7b9_110ced1f37954238b8515c5a8034a09b~mv2.jpg
curvy lady 24.jpg,media/59a7b9_632b104cbbce49638487d620861ffcfb~mv2.jpg
curvy lady 20.jpg,media/59a7b9_802db2e3994041159daf075ae5fd4754~mv2.jpg
curvy lady 22.jpg,media/59a7b9_dbd7064945d94095acfe3f6ca93489bf~mv2.jpg
curvy lady 21.jpg,media/59a7b9_4ee4ffcbf4f14c1e94bd3799fb48cf86~mv2.jpg
curvy lady 19.jpg,media/59a7b9_5c347aeb94344dc08ff723d6dcefc9bc~mv2.jpg
curvy lady 18.jpg,media/59a7b9_5df39916c7e24960acb7122c51cc75bb~mv2.jpg
curvy lady 17.jpg,media/59a7b9_01f49fb9d38047dbaaa00b8ea0fbf393~mv2.jpg
curvy lady 16.jpg,media/59a7b9_cbea75c11f2241008cfef0288fc6eceb~mv2.jpg
curvy lady 15.jpg,media/59a7b9_3a1e765426554d80930566f24a0178d9~mv2.jpg
curvy lady 13.jpg,media/59a7b9_02b903f59c20414aa23437bf84815c33~mv2.jpg
curvy lady 14.jpg,media/59a7b9_e027933017d34323a998a5be76cda699~mv2.jpg
curvy lady 12.jpg,media/59a7b9_76a71063bfdf484a8287d9fc38c3fd7a~mv2.jpg
curvy lady 11.jpg,media/59a7b9_6b2f772d6129442a8318eb4b530ab730~mv2.jpg
curvy lady 10.jpg,media/59a7b9_2331725e9dc146bdac4df5e6332233aa~mv2.jpg
curvy lady 9.jpg,media/59a7b9_c1b60d8b4719413ab9398668ad55f68c~mv2.jpg
curvy lady 8.jpg,media/59a7b9_86b965a3064f4f33b565c6041f09d6df~mv2.jpg
curvy lady 7.jpg,media/59a7b9_32fa34a58b804851a9ca716c42abfe0c~mv2.jpg
curvy lady 6.jpg,media/59a7b9_f4fd9551003e481ca39929e1c1d876e5~mv2.jpg
curvy lady 5.jpg,media/59a7b9_07decb52f1ee44bfbb29e563607be00b~mv2.jpg
curvy lady 3.jpg,media/59a7b9_cd76a8c456c44f0aa3ce797cacf4ca76~mv2.jpg
curvy lady 4.jpg,media/59a7b9_244527ceda0a4a1ba3eb16b4aeb897e3~mv2.jpg
curvy lady 2.jpg,media/59a7b9_d13d23ddbfd74688972b7fcb1f736005~mv2.jpg
curvy lady 1.jpg,media/59a7b9_f3b3f32d04e9461b9f39ca1e647a76a5~mv2.jpg
dress 73.jpeg,media/59a7b9_8264ae49aace4b7dbed6357d6084ce1c~mv2.jpeg
dress 71.jpeg,media/59a7b9_8c7376676a1f48a4bc93169019c9e809~mv2.jpeg
dress 72.png,media/59a7b9_624279aa9caa436fae701130720a3c62~mv2.png
dress 70.jpg,media/59a7b9_2ce133a7dff64ce69f84fa96163c5407~mv2.jpg
dress 69.jpg,media/59a7b9_16550e2634f043de9796cd870cb20e99~mv2.jpg
dress 68.jpg,media/59a7b9_916e6d81678642d1b3b1d242ec24a77e~mv2.jpg
dress 67.jpg,media/59a7b9_a36b4d06ef3143c0bd78cc0078eec826~mv2.jpg
dress 65.jpg,media/59a7b9_b1a89c59cf6f4b0ba964fd171cae0e60~mv2.jpg
dress 64.jpg,media/59a7b9_001d3c1eccf04dc4ad0b95145324abec~mv2.jpg
dress 66.jpg,media/59a7b9_46a359d5c11b4c869048597b9686756d~mv2.jpg
dress 63.jpg,media/59a7b9_c9811bc299764bdf90a1942884b0c13a~mv2.jpg
dress 62.jpg,media/59a7b9_c5d3822c593e4102b9e753fc0968e620~mv2.jpg
dress 60.jpg,media/59a7b9_17cf6f50e2064c81a97c1a7de4616313~mv2.jpg
dress 59.jpg,media/59a7b9_4737be47b4234911a2bbc8756d3e2c3a~mv2.jpg
dress 61.jpg,media/59a7b9_9d0dcab2de8e49a1b90f7ce4a8d3dfa6~mv2.jpg
dress 58.jpg,media/59a7b9_2bb12dd845ea44cbb3b8efae98782ad6~mv2.jpg
dress 57.jpg,media/59a7b9_04153a06e9cd408f87683230f7616787~mv2.jpg
dress 56.jpg,media/59a7b9_954ec01c7d0042a58f2ae8fa1d3f2a79~mv2.jpg
dress 55.jpg,media/59a7b9_936c051b9b434459b59167aad65e7782~mv2.jpg
dress 54.jpg,media/59a7b9_e64febb8018744c8a04f88a33a66bf75~mv2.jpg
dress 52.jpg,media/59a7b9_dbfc5c6848f1403fa879b2b5c1acfcbb~mv2.jpg
dress 53.jpg,media/59a7b9_dcf7f26f3e4f468fb1888b64344ef243~mv2.jpg
dress 51.jpg,media/59a7b9_7d9e6a9a1e2843878aeea5e4f3cd8079~mv2.jpg
dress 50.jpg,media/59a7b9_ce9ee874bcbb495ab43bd5b87f31c8c7~mv2.jpg
dress 49.jpg,media/59a7b9_74b270088a0e436b830bc30bc66725f1~mv2.jpg
dress 48.jpg,media/59a7b9_81078747b45d42fb95b20ff9ce636073~mv2.jpg
dress 46.jpg,media/59a7b9_7ce5de9d1e3b47f5bbd268b416d7489e~mv2.jpg
dress 47.jpg,media/59a7b9_bdfd1e3d89bf4ec7af07517fc64c723f~mv2.jpg
dress 45.jpg,media/59a7b9_ffae70160b72418296abc156bc19bb35~mv2.jpg
dress 28.jpg,media/59a7b9_265b81858af84dafad1217f3ccda95f3~mv2.jpg
dress 44.jpg,media/59a7b9_43e2ca1acebe472cad7a0864af195d23~mv2.jpg
dress 43.jpg,media/59a7b9_71b25eeb33704a03acbeb086753cd4ae~mv2.jpg
dress 42.jpg,media/59a7b9_052220f3d88b4012894d5bdfd7aa9830~mv2.jpg
dress 40.jpg,media/59a7b9_35ea5c574fc145d3a5df25a592bc4a8e~mv2.jpg
dress 41.jpg,media/59a7b9_0ddeb54bd68c44e3acc0d5e084c54355~mv2.jpg
dress 39.jpg,media/59a7b9_21268863ca024499ad72246d96da9816~mv2.jpg
dress 38.jpg,media/59a7b9_a017402830e34fa495d3cee02dd0087e~mv2.jpg
dress 37.jpg,media/59a7b9_55c162cd82f14f60848434c28a1b7e66~mv2.jpg
dress 36.jpg,media/59a7b9_2587108f6e354c0b89972258d5f3c2d3~mv2.jpg
dress 35.jpg,media/59a7b9_0700f577bbbb4bdaa466bc2fd60393f6~mv2.jpg
dress 34.jpg,media/59a7b9_473312306ef0477a9d3eb6318f8675d2~mv2.jpg
dress 33.jpg,media/59a7b9_eed8205621f1473884f514606428f1f8~mv2.jpg
dress 32.jpg,media/59a7b9_3b4661648dd8466ba54cdc3837052790~mv2.jpg
dress 30.jpg,media/59a7b9_7b263e6e2031409f9f50378eeec1fcf7~mv2.jpg
dress 31.jpg,media/59a7b9_1503eafee86746d2b8e74617df8ba016~mv2.jpg
dress 29.jpg,media/59a7b9_44c78c789b47467e90abc9e6e26abc67~mv2.jpg
dress 25.jpg,media/59a7b9_e29475168a8e4cb6b2c2c2bc6ac26b8f~mv2.jpg
dress 26.jpg,media/59a7b9_cc82947bec2c4ba7817ba03c488c90be~mv2.jpg
dress 27.jpg,media/59a7b9_17bde3fab93a45208ac9a1d509dfc484~mv2.jpg
dress 24.jpg,media/59a7b9_0da5e961bb8c40018f8d583c3cf2cf15~mv2.jpg
dress 21.jpg,media/59a7b9_26299cdb7307440fb1cdd7a485d41d1f~mv2.jpg
dress 23.jpg,media/59a7b9_f171d0ec02304f7ab95e9fbc35338c6c~mv2.jpg
dress 22.jpg,media/59a7b9_786ce9a7606747c6845459b5adf7dcef~mv2.jpg
dress 20.jpg,media/59a7b9_49b52481ea1648b9a2d600b70eb44229~mv2.jpg
dress 16.jpg,media/59a7b9_164f3670241b421b9e234589850587b2~mv2.jpg
dress 18.jpg,media/59a7b9_1629ade750834cc8a331dadd4ebe1771~mv2.jpg
dress 19.jpg,media/59a7b9_a246e98bc087490ab428c56bb551e4c4~mv2.jpg
dress 17.jpg,media/59a7b9_b85998940e3b4b2eacbf173c52a18cd9~mv2.jpg
dress 15.jpg,media/59a7b9_d655fd756a6f411bafb88cb4eab75826~mv2.jpg
dress 14.jpg,media/59a7b9_0a49ae3f52ed4c69b8e89b85d4835f19~mv2.jpg
dress 13.jpg,media/59a7b9_d5c6e796acf048699aab650992bd1ad2~mv2.jpg
dress 12.jpg,media/59a7b9_4974be6de94f4a5c8558668197222def~mv2.jpg
dress 11.jpg,media/59a7b9_ebfe0c834b784d20b99441cd9cfefc98~mv2.jpg
dress 10.jpg,media/59a7b9_de163b819ffb497a8af310e3c65e6490~mv2.jpg
dress 9.jpg,media/59a7b9_e4b7835f3dba45fdad13704bb6ba16b4~mv2.jpg
dress 8.jpg,media/59a7b9_1b4edf64850444a38ae365e8270a61fc~mv2.jpg
dress 6.jpg,media/59a7b9_229602e69f6d4442bd49b36cdc438d34~mv2.jpg
dress 7.jpg,media/59a7b9_7617b396f78d4e469ef4a1e29bf388b4~mv2.jpg
dress 5.jpg,media/59a7b9_e765abab5ea548d09bbec809bd6b2433~mv2.jpg
dress 1.jpg,media/59a7b9_76a87ba1af70499baf24da811a62965d~mv2.jpg
dress 2.jpg,media/59a7b9_d0ca56fe64fd470abe55f49efc9422e9~mv2.jpg
dress 3.jpg,media/59a7b9_585fbdd1f2a54c1ab0fa126e32080849~mv2.jpg
dress 4.jpg,media/59a7b9_d8b3f06710954d7582c70ea38b132f37~mv2.jpg
extra 164.jpg,media/59a7b9_8cf5f71ea1b64298ad06d6e17c5ba7c1~mv2.jpg
extra 161.jpg,media/59a7b9_3b07b3b832144729b11872ee76999a85~mv2.jpg
extra 163.jpg,media/59a7b9_00acc4de0d824ee2a9dd574256f83b27~mv2.jpg
extra 162.jpg,media/59a7b9_8ca3a85fbaf240deb2c9b2fea6ea8f72~mv2.jpg
extra 119.jpeg,media/59a7b9_7003afea4ac3411d878840dde4b9fadf~mv2.jpeg
extra 160.jpg,media/59a7b9_cab703dada7843498d07b4234148adef~mv2.jpg
extra 154.jpeg,media/59a7b9_0e7dfcb8bb5d41719c0413e7207b0623~mv2.jpeg
extra 117.jpeg,media/59a7b9_b0cb59e582e549e8af17af4c34d63754~mv2.jpeg
extra 143.jpeg,media/59a7b9_975bc0b064644862b9905eb5be10f553~mv2.jpeg
extra 132.jpeg,media/59a7b9_463cef06e43d4b88b2ee655fbad5ec08~mv2.jpeg
extra 105.jpeg,media/59a7b9_7f1058fef19d4486b6a1d7badea85bb0~mv2.jpeg
extra 128.jpeg,media/59a7b9_a1d27c05bb2c473c9069af4a8f95038a~mv2.jpeg
extra 116.jpeg,media/59a7b9_4b5caa33cb944884ba28c2e4f228aa94~mv2.jpeg
extra 114.jpeg,media/59a7b9_5e5dbdaccb6d4afaa8ce743efb7a647e~mv2.jpeg
extra 115.jpeg,media/59a7b9_b90810361c824c22804ab468070b9965~mv2.jpeg
extra 113.jpeg,media/59a7b9_a736edefde1143beb58b9b024dd1a850~mv2.jpeg
extra 109.jpeg,media/59a7b9_9c6c54d93d8e4de7adfd817693e0333e~mv2.jpeg
extra 112.jpeg,media/59a7b9_ff3986a907e7482186f0304930fdd898~mv2.jpeg
extra 103.jpeg,media/59a7b9_2005b44a7b474d0bbe2a587b34509191~mv2.jpeg
extra 158.jpeg,media/59a7b9_796b6cfec51d4a10bb08b9ef3bd25e26~mv2.jpeg
extra 159.jpeg,media/59a7b9_73c9cce4d001490bb8949fb11f055e56~mv2.jpeg
extra 156.jpeg,media/59a7b9_e079aa410e794bba8cce4cc349e77104~mv2.jpeg
extra 157.png,media/59a7b9_600a6b6b42144725a9e34c1a60a45027~mv2.png
extra 155.jpeg,media/59a7b9_3573cbd68c43425ab4e641984be7085c~mv2.jpeg
extra 153.jpeg,media/59a7b9_ccf5087874f449dfb8fea9321dc18fa9~mv2.jpeg
extra 151.jpeg,media/59a7b9_0cbdc84e428d4ab5b4afcff8d35edb79~mv2.jpeg
extra 152.jpeg,media/59a7b9_1723597d79f8417b85fdcb6711c7bf71~mv2.jpeg
extra 149.jpeg,media/59a7b9_f980b19a726348d6a5d493cd11b58f09~mv2.jpeg
extra 150.jpeg,media/59a7b9_7bea21d25c9d47218176d173071c75c1~mv2.jpeg
extra 148.jpeg,media/59a7b9_10aa8c594fad4b07b244eccfde938673~mv2.jpeg
extra 147.jpeg,media/59a7b9_58721b562bab4c72bf60b4d76672233e~mv2.jpeg
extra 146.png,media/59a7b9_3f0e26cdfce74f7689cea7be56802e5e~mv2.png
extra 145.jpeg,media/59a7b9_e9c4f38f5f7648f48946ae524de08244~mv2.jpeg
extra 144.png,media/59a7b9_b74e41f09b1849e8be620fed8eb3ddbd~mv2.png
extra 141.jpeg,media/59a7b9_e3bd338540d94e04bbeeb9f4715748b6~mv2.jpeg
extra 142.png,media/59a7b9_adbfc8c68d334ea5867810ce4f5f8e79~mv2.png
extra 140.jpeg,media/59a7b9_3f2232cb76a94b36945b329082f657d4~mv2.jpeg
extra 139.jpeg,media/59a7b9_1c658a34f427476ba0b0aa1a45fc79b8~mv2.jpeg
extra 137.jpeg,media/59a7b9_0289ef7f069b45558e6e70a4d63322c0~mv2.jpeg
extra 138.jpeg,media/59a7b9_8b3283ed57d24ce782c1d20e09e70821~mv2.jpeg
extra 135.jpeg,media/59a7b9_2a90ec05be32405493b967a89dd4693b~mv2.jpeg
extra 136.jpeg,media/59a7b9_6e3d284709e0458ea5f98281db7e3940~mv2.jpeg
extra 134.jpeg,media/59a7b9_911ecbb3e7664f73b58ae5cf501d0024~mv2.jpeg
extra 133.jpeg,media/59a7b9_2333303a62d3451b8458f4e1a5023584~mv2.jpeg
extra 130.jpeg,media/59a7b9_77df0daf7c07434f8b7109c234696176~mv2.jpeg
extra 131.jpeg,media/59a7b9_8009d0fda63643d292581054ddb2fecb~mv2.jpeg
extra 127.jpeg,media/59a7b9_96d12c74d0984c049b9d1217d7320001~mv2.jpeg
extra 125.jpeg,media/59a7b9_2499157e23b64a05a0b4dfea600203f4~mv2.jpeg
extra 126.jpeg,media/59a7b9_6adaefefd33142ab850c7d0a0ba27600~mv2.jpeg
extra 124.jpeg,media/59a7b9_b22fe8df8208426280f878ed9c1512d0~mv2.jpeg
extra 123.jpeg,media/59a7b9_e2c25129e46a4b81a80e16b3671098d1~mv2.jpeg
extra 120.jpeg,media/59a7b9_b821daeafcc9404b9a451c27a17cfff6~mv2.jpeg
extra 118.jpeg,media/59a7b9_0ef1c43c07cd4bafb8559e6addb56914~mv2.jpeg
extra 121.png,media/59a7b9_2a34800665d141b68baa601b599b29eb~mv2.png
extra 111.jpeg,media/59a7b9_ff2e9d6f1edf47239cf72db290f090f0~mv2.jpeg
extra 110.jpeg,media/59a7b9_774ad7ce434e47d8a94f5c7b673c16b0~mv2.jpeg
extra 108.jpeg,media/59a7b9_446f124a04da4b8ab8d816699b046fb4~mv2.jpeg
extra 107.jpeg,media/59a7b9_7ba0369241d244d5bdb781de0b7ee0e2~mv2.jpeg
extra 106.jpeg,media/59a7b9_7b938943cd9648edbecdef7c68fc3c81~mv2.jpeg
extra 104.jpeg,media/59a7b9_fa3c1d1566a943a68e0ba54cde9fa72e~mv2.jpeg
extra 102.jpeg,media/59a7b9_2d292def878e456db216df882c71ee47~mv2.jpeg
extra 100.jpeg,media/59a7b9_b27e44b3fb1f4ef4bc38d26e0b3017ad~mv2.jpeg
extra 99.jpeg,media/59a7b9_1d9573efb06443aa887178dc386952b8~mv2.jpeg
extra 101.jpeg,media/59a7b9_bdd764b3e1824b269291de576499145e~mv2.jpeg
extra 98.jpeg,media/59a7b9_4d7494dd062e4fee83562be0189e1531~mv2.jpeg
extra 96.jpeg,media/59a7b9_96f77223550448d9bce4d9a30cf7f061~mv2.jpeg
extra 97.jpeg,media/59a7b9_491ab5c9cca443a5bbe5d2392bfa9cbc~mv2.jpeg
extra 95.jpeg,media/59a7b9_a8b0238020314b6fa4c6eaa8db6a3c71~mv2.jpeg
extra 93.jpeg,media/59a7b9_1c64013e77a04a1889dfd48d74730d1e~mv2.jpeg
extra 94.jpeg,media/59a7b9_5e4e895a5886481aaf67c9442f572f3d~mv2.jpeg
extra 91.jpeg,media/59a7b9_ed5178e824c245fc9b986e45b3daf4af~mv2.jpeg
extra 92.jpeg,media/59a7b9_c86d970feb6047628966266cad74b0fd~mv2.jpeg
extra 90.png,media/59a7b9_a63906ad3a75483b89a47063b0898839~mv2.png
extra 88.jpeg,media/59a7b9_cabf0200baa34f9c86c20fd4b4d8be33~mv2.jpeg
extra 87.jpeg,media/59a7b9_14a6c36b2b2545f591aa86ce7ff32845~mv2.jpeg
extra 86.jpeg,media/59a7b9_dda3bf72b6094ed18e8aa88066bd6e2a~mv2.jpeg
extra 89.jpeg,media/59a7b9_dfabed139d244aa79105ff599b511cc2~mv2.jpeg
extra 85.jpeg,media/59a7b9_facd066018b04bc29d647d8cf9c1b03d~mv2.jpeg
extra 84.jpeg,media/59a7b9_60972a0202da49bc951ad23caf6de4ea~mv2.jpeg
extra 83.jpeg,media/59a7b9_53315529497249859c6d6491ba804489~mv2.jpeg
extra 82.png,media/59a7b9_8a4d6f3b37214ded8674f49dd73f9087~mv2.png
extra 81.jpeg,media/59a7b9_bdb8fb36dfa148f690b924f6c896812a~mv2.jpeg
extra 80.jpeg,media/59a7b9_e1c14751a91f45e3b874c201a9fad96d~mv2.jpeg
extra 78.jpeg,media/59a7b9_0bdebbb24aee4e039bdf75887a35c80f~mv2.jpeg
extra 79.jpeg,media/59a7b9_0b707137d3ad47069f44b61f55b8bdf5~mv2.jpeg
extra 77.jpeg,media/59a7b9_5f4f6030907240d8b4f64764931400f1~mv2.jpeg
extra 76.jpeg,media/59a7b9_a4df5ad6b725487fb992e47cba875910~mv2.jpeg
extra 74.jpeg,media/59a7b9_7185316a5b704d8eb96c70e89579e0aa~mv2.jpeg
extra 72.jpeg,media/59a7b9_ae31b4823b3c44048ee7e8ca1968ce7a~mv2.jpeg
extra 75.jpeg,media/59a7b9_ab4fed64e054484fa8408dc62eb5268a~mv2.jpeg
extra 73.jpeg,media/59a7b9_2b526ef7d9b9455c83bc74e8a6161894~mv2.jpeg
extra 71.jpeg,media/59a7b9_6af4c69909f9467e8998b74f20e11d5e~mv2.jpeg
extra 69.jpeg,media/59a7b9_197b7a93cedd4f6798420d6e3dcd4bfa~mv2.jpeg
extra 68.jpeg,media/59a7b9_f25ea2d3a357415f8aef529c9004c57f~mv2.jpeg
extra 70.png,media/59a7b9_b3360d7e5b014ab9bff925d811a5ec6c~mv2.png
extra 67.jpeg,media/59a7b9_de7bca9716614d8891d1f83ef1c04015~mv2.jpeg
extra 66.jpeg,media/59a7b9_2e873cd421ea42c39816eb036474f774~mv2.jpeg
extra 65.jpeg,media/59a7b9_29da45fc94ee47b592ff4772b1d0f120~mv2.jpeg
extra 63.jpeg,media/59a7b9_308671c52d7e464b810e8e24c166b064~mv2.jpeg
extra 61.jpeg,media/59a7b9_c74320640a7a453b8aa549dfaa5a5e6d~mv2.jpeg
extra 64.jpeg,media/59a7b9_f7cacfb0f8b044b0af8f8b99bb93870c~mv2.jpeg
extra 62.jpeg,media/59a7b9_e38fe704addb4cc0bf3315800d53f715~mv2.jpeg
extra 60.jpeg,media/59a7b9_77d15ff77659403a870131ac07953f6f~mv2.jpeg
extra 58.jpeg,media/59a7b9_c3827c3e70724f24b562854095395469~mv2.jpeg
extra 57.jpeg,media/59a7b9_59caa698c7a0423a940a8a4e87c4a527~mv2.jpeg
extra 59.jpeg,media/59a7b9_bcf464dfa86d4a98839f6b143021a5e2~mv2.jpeg
extra 55.jpeg,media/59a7b9_259255d7e9e64b1ba32fd6046fe99c4a~mv2.jpeg
extra 54.jpeg,media/59a7b9_22881b981ad841cbb1cb0e6934069c26~mv2.jpeg
extra 56.jpeg,media/59a7b9_41dfbe4d6831450b92978e5f482845bf~mv2.jpeg
extra 53.jpeg,media/59a7b9_a8aed4a8598a42dbb9bab1fe305173c3~mv2.jpeg
extra 52.jpeg,media/59a7b9_e097bc9813ba4a5e93ce47f121bffcbc~mv2.jpeg
extra 51.jpeg,media/59a7b9_202e7fb0fe5041058b73b1e7c76bd11b~mv2.jpeg
extra 50.jpeg,media/59a7b9_6c3590e8d5b945f8be620808e93ec17a~mv2.jpeg
extra 49.jpeg,media/59a7b9_ff02556086604e5a8222cea9e7b8fda8~mv2.jpeg
extra 48.jpeg,media/59a7b9_76f158e50f9844b0be95b09a263896a9~mv2.jpeg
extra 47.jpeg,media/59a7b9_5c123abdf1144280aafad4e3ea55f6d5~mv2.jpeg
extra 46.jpeg,media/59a7b9_ea81c538523143eeaf27f15141c296c6~mv2.jpeg
extra 43.jpeg,media/59a7b9_a5092444e7924f579277cadd4afe2564~mv2.jpeg
extra 44.jpeg,media/59a7b9_8c94ed29641c4e4fbe7cf42d6455003f~mv2.jpeg
extra 45.png,media/59a7b9_892f40c4e86e438aa72000b29cb9e5dc~mv2.png
extra 41.jpeg,media/59a7b9_7fa6c466d48944599e2855c681e2abea~mv2.jpeg
extra 42.jpeg,media/59a7b9_408b1ff5374e4e849b08c97105f138fd~mv2.jpeg
extra 39.jpeg,media/59a7b9_f8305ef9395943a4bce5e8d709ac86f1~mv2.jpeg
extra 40.jpeg,media/59a7b9_5aa6b4644cb34071a0ba7bc176053383~mv2.jpeg
extra 37.jpeg,media/59a7b9_375d1c30cabb4af5a187758f5d0c4060~mv2.jpeg
extra 36.jpeg,media/59a7b9_8b2fa2043d6c436f8c772349e9eea7ef~mv2.jpeg
extra 35.jpeg,media/59a7b9_283eadbfe48947218921d5acc5a90a84~mv2.jpeg
extra 38.jpeg,media/59a7b9_2e6d1b5cbf374e05a1324c8664c98349~mv2.jpeg
extra 33.jpeg,media/59a7b9_35ef49645833463aa9d3c4070baf9164~mv2.jpeg
extra 34.jpeg,media/59a7b9_f7746a01f9f649dd94ff5ab968a15d3c~mv2.jpeg
extra 31.jpeg,media/59a7b9_c652e1ceea3a4a3f87f9131c687ac6cd~mv2.jpeg
extra 32.png,media/59a7b9_c9b2f75d0b5b41408b311010e1a709c5~mv2.png
extra 30.jpeg,media/59a7b9_2458280c112c456ea956062c0086f022~mv2.jpeg
extra 29.jpeg,media/59a7b9_bb6e3f3708544897bf98dec4112414b9~mv2.jpeg
extra 28.jpeg,media/59a7b9_bf317afedf9447e5b3597c54c37970a8~mv2.jpeg
extra 27.jpeg,media/59a7b9_e113df1bb0044dd1bb603cbc0caf4e15~mv2.jpeg
extra 26.jpeg,media/59a7b9_39c89d461f644740b9d27510e40c6c4d~mv2.jpeg
extra 25.jpeg,media/59a7b9_625254ccd3904be1afa423aa21e09789~mv2.jpeg
extra 22.jpeg,media/59a7b9_6b65ea7c2fe7484fa4a455aef7fdd53a~mv2.jpeg
extra 21.jpeg,media/59a7b9_ad10fecd16564e4ab87a79f86c6d525c~mv2.jpeg
extra 23.jpeg,media/59a7b9_9b426cffdb654800b06c43316120c74b~mv2.jpeg
extra 24.jpeg,media/59a7b9_eab9e65505654a24aee88b7f23a7c491~mv2.jpeg
extra 19.jpeg,media/59a7b9_585cd3bd79694b98b57867dd80577ce6~mv2.jpeg
extra 20.jpeg,media/59a7b9_ffc22ee9f4c24f16a96675eefcc2a9a7~mv2.jpeg
extra 18.jpeg,media/59a7b9_d05f2b50aa60417d8cb9808efb65ad08~mv2.jpeg
extra 17.jpeg,media/59a7b9_748f64e5952a4cd6af70221de94c0eb6~mv2.jpeg
extra 16.jpeg,media/59a7b9_8bd13c29d965402396e7503c72c7d3fe~mv2.jpeg
extra 14.jpeg,media/59a7b9_39411ed6be754b499fae606097deca2b~mv2.jpeg
extra 13.jpeg,media/59a7b9_3a503320a58b481aac28d2ddd421ea43~mv2.jpeg
extra 15.jpeg,media/59a7b9_7fe726f272aa44709f389ea14c0a1d5b~mv2.jpeg
extra 12.jpeg,media/59a7b9_08d193ce07704c3587449eb482c43e91~mv2.jpeg
extra 10.jpeg,media/59a7b9_ff766705c61e457ebb2377e4b2a8ddda~mv2.jpeg
extra 9.jpeg,media/59a7b9_86d65b65dbda4c86b63ea28ec40e89ee~mv2.jpeg
extra 11.jpeg,media/59a7b9_13bbadbe904847ba90079486b29ae950~mv2.jpeg
extra 8.jpeg,media/59a7b9_4a428d3fe7ba44adbbd95a4143118672~mv2.jpeg
extra 7.jpeg,media/59a7b9_6bf8681346c74e179a92eb4fc8c90371~mv2.jpeg
extra 6.jpeg,media/59a7b9_18347a26ded64677bd4a6d3adce93c44~mv2.jpeg
extra 5.jpeg,media/59a7b9_1af5066617c14f1ca4410b3ed7668db0~mv2.jpeg
extra 3.jpeg,media/59a7b9_5e6d7332165d41558a7dc6b8caf35d37~mv2.jpeg
extra 4.jpeg,media/59a7b9_00f9270d2b0d45e4bb98f3b9401898f2~mv2.jpeg
extra 1.jpeg,media/59a7b9_2f94e2dda5644964b6b2edf18550c584~mv2.jpeg
extra 2.jpeg,media/59a7b9_f24a4ab1f3bc4f55a6736195a467719b~mv2.jpeg
