Name,WixID
curvy lady 26.jpg,media/59a7b9_80f3f5958dc64346956fead191415c24~mv2.jpg
curvy lady 74.jpeg,media/59a7b9_0ebe795bee9c41c4bc01f4d1f28e9f67~mv2.jpeg
curvy lady 72.jpeg,media/59a7b9_bcb6ba98bdb34f8e8592f8aabc385908~mv2.jpeg
curvy lady 73.jpeg,media/59a7b9_5f74f5edd2324cabbd61ecc9e21d8d3a~mv2.jpeg
curvy lady 71.jpeg,media/59a7b9_652917ae23e848aa95597f04d89cb09c~mv2.jpeg
curvy lady 70.jpg,media/59a7b9_c4340716653a49938c0c5b7a5d8957d5~mv2.jpg
curvy lady 69.jpg,media/59a7b9_050116bfe7974fa5bd4e70dbf3269561~mv2.jpg
curvy lady 67.jpg,media/59a7b9_c879d75b2dc9414d929cdad20747daf5~mv2.jpg
curvy lady 68.jpg,media/59a7b9_1799d5949bd442f5a04afcaa84ecb2ea~mv2.jpg
curvy lady 65.jpg,media/59a7b9_871350c9b8ec4d5bb4308d76d37eb0d7~mv2.jpg
curvy lady 64.jpg,media/59a7b9_78bd53def5bf4e9591a9a72dcd67068e~mv2.jpg
curvy lady 66.jpg,media/59a7b9_a0d6f808a79548e69e9a6b8bd6ad5ef0~mv2.jpg
curvy lady 63.jpg,media/59a7b9_35a3af74df554fc788c3fe1e5c949a63~mv2.jpg
curvy lady 62.jpg,media/59a7b9_cc651cd890614088b2e0d9f7ac133c3c~mv2.jpg
curvy lady 61.jpg,media/59a7b9_b647d4600ed146d68afb13165497af93~mv2.jpg
curvy lady 60.jpg,media/59a7b9_07a16dc8442047b99e4c7f9d85280aaf~mv2.jpg
curvy lady 59.jpg,media/59a7b9_62986031b63b4e039aab77f3366aa7f0~mv2.jpg
curvy lady 58.jpg,media/59a7b9_aed1ca089b864f61907df06cb2b07bd6~mv2.jpg
curvy lady 57.jpg,media/59a7b9_2fdd74004134400898d78c40093a8833~mv2.jpg
curvy lady 56.jpg,media/59a7b9_032cd72ae95a4c66b633c89c672ed602~mv2.jpg
curvy lady 55.jpg,media/59a7b9_77c1ccc2e0654a99a4e591e0c7e80a4f~mv2.jpg
curvy lady 54.jpg,media/59a7b9_7f965bd33221404ca23b56c2737c5261~mv2.jpg
curvy lady 53.jpg,media/59a7b9_34417e07379348679e9ff5cd165b57cb~mv2.jpg
curvy lady 52.jpg,media/59a7b9_a3faec5992a94b07ac34915c156692c3~mv2.jpg
curvy lady 51.jpg,media/59a7b9_d7ff5c53a3fa49569d4f6e259c45f790~mv2.jpg
curvy lady 50.jpg,media/59a7b9_146bab5d78234a7d86f6e3b663409613~mv2.jpg
curvy lady 49.jpg,media/59a7b9_933d5f8ee18749978a382ab1a789cb3b~mv2.jpg
curvy lady 48.jpg,media/59a7b9_07ee4ea692564c798d6b3489ef217af1~mv2.jpg
curvy lady 47.jpg,media/59a7b9_0890921d08d840a291cd898e6ad1396a~mv2.jpg
curvy lady 46.jpg,media/59a7b9_4c6920d38f5e4f38a4aaf9319e2a908b~mv2.jpg
curvy lady 45.jpg,media/59a7b9_f8084572c4b547979551171fecf933ab~mv2.jpg
curvy lady 44.jpg,media/59a7b9_192e2e2a4fd2474782ba062debb4cdf5~mv2.jpg
curvy lady 43.jpg,media/59a7b9_d6fd741541834ea1aba8cee3cbabada8~mv2.jpg
curvy lady 42.jpg,media/59a7b9_f6e4f490d5e74a668aa024badae5c9e8~mv2.jpg
curvy lady 40.jpg,media/59a7b9_ec80e05bc4c04bb5b7628295cb5b2d1e~mv2.jpg
curvy lady 41.jpg,media/59a7b9_19df5637e8224d1fb27ff327a7a417d0~mv2.jpg
curvy lady 39.jpg,media/59a7b9_ed5f441651c442e188551f9d095087b0~mv2.jpg
curvy lady 38.jpg,media/59a7b9_5c1b9c24da3e497bb626b4f5f115c0e8~mv2.jpg
curvy lady 36.jpg,media/59a7b9_47c687ce77c147e690a0ba672420a7a7~mv2.jpg
curvy lady 37.jpg,media/59a7b9_c04521fe97ec4be68c382bba33c2651c~mv2.jpg
curvy lady 35.jpg,media/59a7b9_9b22ac5d409046dca9d402e6dd3851b8~mv2.jpg
curvy lady 33.jpg,media/59a7b9_ab4d2fa0b9d944fda1eddfc3a15a8487~mv2.jpg
curvy lady 34.jpg,media/59a7b9_e15f6a78cb77433ba0a52813292d9e5f~mv2.jpg
curvy lady 32.jpg,media/59a7b9_a501236c2caa4ba2955ecbed951694c9~mv2.jpg
curvy lady 31.jpg,media/59a7b9_e5d7460665944a70b5f3251fb02c828b~mv2.jpg
curvy lady 30.jpg,media/59a7b9_9898967b05c742e18e0613299afd6e2e~mv2.jpg
curvy lady 29.jpg,media/59a7b9_b878d2befcc94ea6a9cf21883479c874~mv2.jpg
curvy lady 28.jpg,media/59a7b9_3cb6f2606419400293e0e4f78f4c3610~mv2.jpg
curvy lady 27.jpg,media/59a7b9_e79d5759f45e475ba22efef3a61e4f63~mv2.jpg
curvy lady 23.jpg,media/59a7b9_4f4372a0d6564f4c89cf7efec19257be~mv2.jpg
curvy lady 25.jpg,media/59a7b9_110ced1f37954238b8515c5a8034a09b~mv2.jpg
curvy lady 24.jpg,media/59a7b9_632b104cbbce49638487d620861ffcfb~mv2.jpg
curvy lady 20.jpg,media/59a7b9_802db2e3994041159daf075ae5fd4754~mv2.jpg
curvy lady 22.jpg,media/59a7b9_dbd7064945d94095acfe3f6ca93489bf~mv2.jpg
curvy lady 21.jpg,media/59a7b9_4ee4ffcbf4f14c1e94bd3799fb48cf86~mv2.jpg
curvy lady 19.jpg,media/59a7b9_5c347aeb94344dc08ff723d6dcefc9bc~mv2.jpg
curvy lady 18.jpg,media/59a7b9_5df39916c7e24960acb7122c51cc75bb~mv2.jpg
curvy lady 17.jpg,media/59a7b9_01f49fb9d38047dbaaa00b8ea0fbf393~mv2.jpg
curvy lady 16.jpg,media/59a7b9_cbea75c11f2241008cfef0288fc6eceb~mv2.jpg
curvy lady 15.jpg,media/59a7b9_3a1e765426554d80930566f24a0178d9~mv2.jpg
curvy lady 13.jpg,media/59a7b9_02b903f59c20414aa23437bf84815c33~mv2.jpg
curvy lady 14.jpg,media/59a7b9_e027933017d34323a998a5be76cda699~mv2.jpg
curvy lady 12.jpg,media/59a7b9_76a71063bfdf484a8287d9fc38c3fd7a~mv2.jpg
curvy lady 11.jpg,media/59a7b9_6b2f772d6129442a8318eb4b530ab730~mv2.jpg
curvy lady 10.jpg,media/59a7b9_2331725e9dc146bdac4df5e6332233aa~mv2.jpg
curvy lady 9.jpg,media/59a7b9_c1b60d8b4719413ab9398668ad55f68c~mv2.jpg
curvy lady 8.jpg,media/59a7b9_86b965a3064f4f33b565c6041f09d6df~mv2.jpg
curvy lady 7.jpg,media/59a7b9_32fa34a58b804851a9ca716c42abfe0c~mv2.jpg
curvy lady 6.jpg,media/59a7b9_f4fd9551003e481ca39929e1c1d876e5~mv2.jpg
curvy lady 5.jpg,media/59a7b9_07decb52f1ee44bfbb29e563607be00b~mv2.jpg
curvy lady 3.jpg,media/59a7b9_cd76a8c456c44f0aa3ce797cacf4ca76~mv2.jpg
curvy lady 4.jpg,media/59a7b9_244527ceda0a4a1ba3eb16b4aeb897e3~mv2.jpg
curvy lady 2.jpg,media/59a7b9_d13d23ddbfd74688972b7fcb1f736005~mv2.jpg
curvy lady 1.jpg,media/59a7b9_f3b3f32d04e9461b9f39ca1e647a76a5~mv2.jpg
