extra 164.jpg,media/59a7b9_8cf5f71ea1b64298ad06d6e17c5ba7c1~mv2.jpg
extra 161.jpg,media/59a7b9_3b07b3b832144729b11872ee76999a85~mv2.jpg
extra 163.jpg,media/59a7b9_00acc4de0d824ee2a9dd574256f83b27~mv2.jpg
extra 162.jpg,media/59a7b9_8ca3a85fbaf240deb2c9b2fea6ea8f72~mv2.jpg
extra 119.jpeg,media/59a7b9_7003afea4ac3411d878840dde4b9fadf~mv2.jpeg
extra 160.jpg,media/59a7b9_cab703dada7843498d07b4234148adef~mv2.jpg
extra 154.jpeg,media/59a7b9_0e7dfcb8bb5d41719c0413e7207b0623~mv2.jpeg
extra 117.jpeg,media/59a7b9_b0cb59e582e549e8af17af4c34d63754~mv2.jpeg
extra 143.jpeg,media/59a7b9_975bc0b064644862b9905eb5be10f553~mv2.jpeg
extra 132.jpeg,media/59a7b9_463cef06e43d4b88b2ee655fbad5ec08~mv2.jpeg
extra 105.jpeg,media/59a7b9_7f1058fef19d4486b6a1d7badea85bb0~mv2.jpeg
extra 128.jpeg,media/59a7b9_a1d27c05bb2c473c9069af4a8f95038a~mv2.jpeg
extra 116.jpeg,media/59a7b9_4b5caa33cb944884ba28c2e4f228aa94~mv2.jpeg
extra 114.jpeg,media/59a7b9_5e5dbdaccb6d4afaa8ce743efb7a647e~mv2.jpeg
extra 115.jpeg,media/59a7b9_b90810361c824c22804ab468070b9965~mv2.jpeg
extra 113.jpeg,media/59a7b9_a736edefde1143beb58b9b024dd1a850~mv2.jpeg
extra 109.jpeg,media/59a7b9_9c6c54d93d8e4de7adfd817693e0333e~mv2.jpeg
extra 112.jpeg,media/59a7b9_ff3986a907e7482186f0304930fdd898~mv2.jpeg
extra 103.jpeg,media/59a7b9_2005b44a7b474d0bbe2a587b34509191~mv2.jpeg
extra 158.jpeg,media/59a7b9_796b6cfec51d4a10bb08b9ef3bd25e26~mv2.jpeg
extra 159.jpeg,media/59a7b9_73c9cce4d001490bb8949fb11f055e56~mv2.jpeg
extra 156.jpeg,media/59a7b9_e079aa410e794bba8cce4cc349e77104~mv2.jpeg
extra 157.png,media/59a7b9_600a6b6b42144725a9e34c1a60a45027~mv2.png
extra 155.jpeg,media/59a7b9_3573cbd68c43425ab4e641984be7085c~mv2.jpeg
extra 153.jpeg,media/59a7b9_ccf5087874f449dfb8fea9321dc18fa9~mv2.jpeg
extra 151.jpeg,media/59a7b9_0cbdc84e428d4ab5b4afcff8d35edb79~mv2.jpeg
extra 152.jpeg,media/59a7b9_1723597d79f8417b85fdcb6711c7bf71~mv2.jpeg
extra 149.jpeg,media/59a7b9_f980b19a726348d6a5d493cd11b58f09~mv2.jpeg
extra 150.jpeg,media/59a7b9_7bea21d25c9d47218176d173071c75c1~mv2.jpeg
extra 148.jpeg,media/59a7b9_10aa8c594fad4b07b244eccfde938673~mv2.jpeg
extra 147.jpeg,media/59a7b9_58721b562bab4c72bf60b4d76672233e~mv2.jpeg
extra 146.png,media/59a7b9_3f0e26cdfce74f7689cea7be56802e5e~mv2.png
extra 145.jpeg,media/59a7b9_e9c4f38f5f7648f48946ae524de08244~mv2.jpeg
extra 144.png,media/59a7b9_b74e41f09b1849e8be620fed8eb3ddbd~mv2.png
extra 141.jpeg,media/59a7b9_e3bd338540d94e04bbeeb9f4715748b6~mv2.jpeg
extra 142.png,media/59a7b9_adbfc8c68d334ea5867810ce4f5f8e79~mv2.png
extra 140.jpeg,media/59a7b9_3f2232cb76a94b36945b329082f657d4~mv2.jpeg
extra 139.jpeg,media/59a7b9_1c658a34f427476ba0b0aa1a45fc79b8~mv2.jpeg
extra 137.jpeg,media/59a7b9_0289ef7f069b45558e6e70a4d63322c0~mv2.jpeg
extra 138.jpeg,media/59a7b9_8b3283ed57d24ce782c1d20e09e70821~mv2.jpeg
extra 135.jpeg,media/59a7b9_2a90ec05be32405493b967a89dd4693b~mv2.jpeg
extra 136.jpeg,media/59a7b9_6e3d284709e0458ea5f98281db7e3940~mv2.jpeg
extra 134.jpeg,media/59a7b9_911ecbb3e7664f73b58ae5cf501d0024~mv2.jpeg
extra 133.jpeg,media/59a7b9_2333303a62d3451b8458f4e1a5023584~mv2.jpeg
extra 130.jpeg,media/59a7b9_77df0daf7c07434f8b7109c234696176~mv2.jpeg
extra 131.jpeg,media/59a7b9_8009d0fda63643d292581054ddb2fecb~mv2.jpeg
extra 127.jpeg,media/59a7b9_96d12c74d0984c049b9d1217d7320001~mv2.jpeg
extra 125.jpeg,media/59a7b9_2499157e23b64a05a0b4dfea600203f4~mv2.jpeg
extra 126.jpeg,media/59a7b9_6adaefefd33142ab850c7d0a0ba27600~mv2.jpeg
extra 124.jpeg,media/59a7b9_b22fe8df8208426280f878ed9c1512d0~mv2.jpeg
extra 123.jpeg,media/59a7b9_e2c25129e46a4b81a80e16b3671098d1~mv2.jpeg
extra 120.jpeg,media/59a7b9_b821daeafcc9404b9a451c27a17cfff6~mv2.jpeg
extra 118.jpeg,media/59a7b9_0ef1c43c07cd4bafb8559e6addb56914~mv2.jpeg
extra 121.png,media/59a7b9_2a34800665d141b68baa601b599b29eb~mv2.png
extra 111.jpeg,media/59a7b9_ff2e9d6f1edf47239cf72db290f090f0~mv2.jpeg
extra 110.jpeg,media/59a7b9_774ad7ce434e47d8a94f5c7b673c16b0~mv2.jpeg
extra 108.jpeg,media/59a7b9_446f124a04da4b8ab8d816699b046fb4~mv2.jpeg
extra 107.jpeg,media/59a7b9_7ba0369241d244d5bdb781de0b7ee0e2~mv2.jpeg
extra 106.jpeg,media/59a7b9_7b938943cd9648edbecdef7c68fc3c81~mv2.jpeg
extra 104.jpeg,media/59a7b9_fa3c1d1566a943a68e0ba54cde9fa72e~mv2.jpeg
extra 102.jpeg,media/59a7b9_2d292def878e456db216df882c71ee47~mv2.jpeg
extra 100.jpeg,media/59a7b9_b27e44b3fb1f4ef4bc38d26e0b3017ad~mv2.jpeg
extra 99.jpeg,media/59a7b9_1d9573efb06443aa887178dc386952b8~mv2.jpeg
extra 101.jpeg,media/59a7b9_bdd764b3e1824b269291de576499145e~mv2.jpeg
extra 98.jpeg,media/59a7b9_4d7494dd062e4fee83562be0189e1531~mv2.jpeg
extra 96.jpeg,media/59a7b9_96f77223550448d9bce4d9a30cf7f061~mv2.jpeg
extra 97.jpeg,media/59a7b9_491ab5c9cca443a5bbe5d2392bfa9cbc~mv2.jpeg
extra 95.jpeg,media/59a7b9_a8b0238020314b6fa4c6eaa8db6a3c71~mv2.jpeg
extra 93.jpeg,media/59a7b9_1c64013e77a04a1889dfd48d74730d1e~mv2.jpeg
extra 94.jpeg,media/59a7b9_5e4e895a5886481aaf67c9442f572f3d~mv2.jpeg
extra 91.jpeg,media/59a7b9_ed5178e824c245fc9b986e45b3daf4af~mv2.jpeg
extra 92.jpeg,media/59a7b9_c86d970feb6047628966266cad74b0fd~mv2.jpeg
extra 90.png,media/59a7b9_a63906ad3a75483b89a47063b0898839~mv2.png
extra 88.jpeg,media/59a7b9_cabf0200baa34f9c86c20fd4b4d8be33~mv2.jpeg
extra 87.jpeg,media/59a7b9_14a6c36b2b2545f591aa86ce7ff32845~mv2.jpeg
extra 86.jpeg,media/59a7b9_dda3bf72b6094ed18e8aa88066bd6e2a~mv2.jpeg
extra 89.jpeg,media/59a7b9_dfabed139d244aa79105ff599b511cc2~mv2.jpeg
extra 85.jpeg,media/59a7b9_facd066018b04bc29d647d8cf9c1b03d~mv2.jpeg
extra 84.jpeg,media/59a7b9_60972a0202da49bc951ad23caf6de4ea~mv2.jpeg
extra 83.jpeg,media/59a7b9_53315529497249859c6d6491ba804489~mv2.jpeg
extra 82.png,media/59a7b9_8a4d6f3b37214ded8674f49dd73f9087~mv2.png
extra 81.jpeg,media/59a7b9_bdb8fb36dfa148f690b924f6c896812a~mv2.jpeg
extra 80.jpeg,media/59a7b9_e1c14751a91f45e3b874c201a9fad96d~mv2.jpeg
extra 78.jpeg,media/59a7b9_0bdebbb24aee4e039bdf75887a35c80f~mv2.jpeg
extra 79.jpeg,media/59a7b9_0b707137d3ad47069f44b61f55b8bdf5~mv2.jpeg
extra 77.jpeg,media/59a7b9_5f4f6030907240d8b4f64764931400f1~mv2.jpeg
extra 76.jpeg,media/59a7b9_a4df5ad6b725487fb992e47cba875910~mv2.jpeg
extra 74.jpeg,media/59a7b9_7185316a5b704d8eb96c70e89579e0aa~mv2.jpeg
extra 72.jpeg,media/59a7b9_ae31b4823b3c44048ee7e8ca1968ce7a~mv2.jpeg
extra 75.jpeg,media/59a7b9_ab4fed64e054484fa8408dc62eb5268a~mv2.jpeg
extra 73.jpeg,media/59a7b9_2b526ef7d9b9455c83bc74e8a6161894~mv2.jpeg
extra 71.jpeg,media/59a7b9_6af4c69909f9467e8998b74f20e11d5e~mv2.jpeg
extra 69.jpeg,media/59a7b9_197b7a93cedd4f6798420d6e3dcd4bfa~mv2.jpeg
extra 68.jpeg,media/59a7b9_f25ea2d3a357415f8aef529c9004c57f~mv2.jpeg
extra 70.png,media/59a7b9_b3360d7e5b014ab9bff925d811a5ec6c~mv2.png
extra 67.jpeg,media/59a7b9_de7bca9716614d8891d1f83ef1c04015~mv2.jpeg
extra 66.jpeg,media/59a7b9_2e873cd421ea42c39816eb036474f774~mv2.jpeg
extra 65.jpeg,media/59a7b9_29da45fc94ee47b592ff4772b1d0f120~mv2.jpeg
extra 63.jpeg,media/59a7b9_308671c52d7e464b810e8e24c166b064~mv2.jpeg
extra 61.jpeg,media/59a7b9_c74320640a7a453b8aa549dfaa5a5e6d~mv2.jpeg
extra 64.jpeg,media/59a7b9_f7cacfb0f8b044b0af8f8b99bb93870c~mv2.jpeg
extra 62.jpeg,media/59a7b9_e38fe704addb4cc0bf3315800d53f715~mv2.jpeg
extra 60.jpeg,media/59a7b9_77d15ff77659403a870131ac07953f6f~mv2.jpeg
extra 58.jpeg,media/59a7b9_c3827c3e70724f24b562854095395469~mv2.jpeg
extra 57.jpeg,media/59a7b9_59caa698c7a0423a940a8a4e87c4a527~mv2.jpeg
extra 59.jpeg,media/59a7b9_bcf464dfa86d4a98839f6b143021a5e2~mv2.jpeg
extra 55.jpeg,media/59a7b9_259255d7e9e64b1ba32fd6046fe99c4a~mv2.jpeg
extra 54.jpeg,media/59a7b9_22881b981ad841cbb1cb0e6934069c26~mv2.jpeg
extra 56.jpeg,media/59a7b9_41dfbe4d6831450b92978e5f482845bf~mv2.jpeg
extra 53.jpeg,media/59a7b9_a8aed4a8598a42dbb9bab1fe305173c3~mv2.jpeg
extra 52.jpeg,media/59a7b9_e097bc9813ba4a5e93ce47f121bffcbc~mv2.jpeg
extra 51.jpeg,media/59a7b9_202e7fb0fe5041058b73b1e7c76bd11b~mv2.jpeg
extra 50.jpeg,media/59a7b9_6c3590e8d5b945f8be620808e93ec17a~mv2.jpeg
extra 49.jpeg,media/59a7b9_ff02556086604e5a8222cea9e7b8fda8~mv2.jpeg
extra 48.jpeg,media/59a7b9_76f158e50f9844b0be95b09a263896a9~mv2.jpeg
extra 47.jpeg,media/59a7b9_5c123abdf1144280aafad4e3ea55f6d5~mv2.jpeg
extra 46.jpeg,media/59a7b9_ea81c538523143eeaf27f15141c296c6~mv2.jpeg
extra 43.jpeg,media/59a7b9_a5092444e7924f579277cadd4afe2564~mv2.jpeg
extra 44.jpeg,media/59a7b9_8c94ed29641c4e4fbe7cf42d6455003f~mv2.jpeg
extra 45.png,media/59a7b9_892f40c4e86e438aa72000b29cb9e5dc~mv2.png
extra 41.jpeg,media/59a7b9_7fa6c466d48944599e2855c681e2abea~mv2.jpeg
extra 42.jpeg,media/59a7b9_408b1ff5374e4e849b08c97105f138fd~mv2.jpeg
extra 39.jpeg,media/59a7b9_f8305ef9395943a4bce5e8d709ac86f1~mv2.jpeg
extra 40.jpeg,media/59a7b9_5aa6b4644cb34071a0ba7bc176053383~mv2.jpeg
extra 37.jpeg,media/59a7b9_375d1c30cabb4af5a187758f5d0c4060~mv2.jpeg
extra 36.jpeg,media/59a7b9_8b2fa2043d6c436f8c772349e9eea7ef~mv2.jpeg
extra 35.jpeg,media/59a7b9_283eadbfe48947218921d5acc5a90a84~mv2.jpeg
extra 38.jpeg,media/59a7b9_2e6d1b5cbf374e05a1324c8664c98349~mv2.jpeg
extra 33.jpeg,media/59a7b9_35ef49645833463aa9d3c4070baf9164~mv2.jpeg
extra 34.jpeg,media/59a7b9_f7746a01f9f649dd94ff5ab968a15d3c~mv2.jpeg
extra 31.jpeg,media/59a7b9_c652e1ceea3a4a3f87f9131c687ac6cd~mv2.jpeg
extra 32.png,media/59a7b9_c9b2f75d0b5b41408b311010e1a709c5~mv2.png
extra 30.jpeg,media/59a7b9_2458280c112c456ea956062c0086f022~mv2.jpeg
extra 29.jpeg,media/59a7b9_bb6e3f3708544897bf98dec4112414b9~mv2.jpeg
extra 28.jpeg,media/59a7b9_bf317afedf9447e5b3597c54c37970a8~mv2.jpeg
extra 27.jpeg,media/59a7b9_e113df1bb0044dd1bb603cbc0caf4e15~mv2.jpeg
extra 26.jpeg,media/59a7b9_39c89d461f644740b9d27510e40c6c4d~mv2.jpeg
extra 25.jpeg,media/59a7b9_625254ccd3904be1afa423aa21e09789~mv2.jpeg
extra 22.jpeg,media/59a7b9_6b65ea7c2fe7484fa4a455aef7fdd53a~mv2.jpeg
extra 21.jpeg,media/59a7b9_ad10fecd16564e4ab87a79f86c6d525c~mv2.jpeg
extra 23.jpeg,media/59a7b9_9b426cffdb654800b06c43316120c74b~mv2.jpeg
extra 24.jpeg,media/59a7b9_eab9e65505654a24aee88b7f23a7c491~mv2.jpeg
extra 19.jpeg,media/59a7b9_585cd3bd79694b98b57867dd80577ce6~mv2.jpeg
extra 20.jpeg,media/59a7b9_ffc22ee9f4c24f16a96675eefcc2a9a7~mv2.jpeg
extra 18.jpeg,media/59a7b9_d05f2b50aa60417d8cb9808efb65ad08~mv2.jpeg
extra 17.jpeg,media/59a7b9_748f64e5952a4cd6af70221de94c0eb6~mv2.jpeg
extra 16.jpeg,media/59a7b9_8bd13c29d965402396e7503c72c7d3fe~mv2.jpeg
extra 14.jpeg,media/59a7b9_39411ed6be754b499fae606097deca2b~mv2.jpeg
extra 13.jpeg,media/59a7b9_3a503320a58b481aac28d2ddd421ea43~mv2.jpeg
extra 15.jpeg,media/59a7b9_7fe726f272aa44709f389ea14c0a1d5b~mv2.jpeg
extra 12.jpeg,media/59a7b9_08d193ce07704c3587449eb482c43e91~mv2.jpeg
extra 10.jpeg,media/59a7b9_ff766705c61e457ebb2377e4b2a8ddda~mv2.jpeg
extra 9.jpeg,media/59a7b9_86d65b65dbda4c86b63ea28ec40e89ee~mv2.jpeg
extra 11.jpeg,media/59a7b9_13bbadbe904847ba90079486b29ae950~mv2.jpeg
extra 8.jpeg,media/59a7b9_4a428d3fe7ba44adbbd95a4143118672~mv2.jpeg
extra 7.jpeg,media/59a7b9_6bf8681346c74e179a92eb4fc8c90371~mv2.jpeg
extra 6.jpeg,media/59a7b9_18347a26ded64677bd4a6d3adce93c44~mv2.jpeg
extra 5.jpeg,media/59a7b9_1af5066617c14f1ca4410b3ed7668db0~mv2.jpeg
extra 3.jpeg,media/59a7b9_5e6d7332165d41558a7dc6b8caf35d37~mv2.jpeg
extra 4.jpeg,media/59a7b9_00f9270d2b0d45e4bb98f3b9401898f2~mv2.jpeg
extra 1.jpeg,media/59a7b9_2f94e2dda5644964b6b2edf18550c584~mv2.jpeg
extra 2.jpeg,media/59a7b9_f24a4ab1f3bc4f55a6736195a467719b~mv2.jpeg
